api_version,coverage_mode,cpu_median_of_medians_ms,extra_lights,gpu_max_process_median_ms,gpu_median_of_medians_ms,gpu_median_p95_ms,gpu_min_process_median_ms,gpu_name,gpu_repeat_mad_ms,gpu_type,gpu_vendor,incremental_vs_card_control_ms_mad,incremental_vs_card_control_ms_median,incremental_vs_no_hair_ms_mad,incremental_vs_no_hair_ms_median,name,pipeline_cache_uuid,pixels,process_repeats,resolution,total_lights
1.3.302,cards,0.136999994516373,0,5.25600004196167,5.15500020980835,5.24499988555908,5.13700008392334,AMD Radeon(TM) Graphics,0.018000125885009766,integrated_gpu,AMD,0.004000186920170012,1.04299974441528,0.012000441551210272,3.93100023269653,ALU_PROBE_96,bc073883f0825c97af93c4a4e36fa1e2-driver-8388939,921600,5,1280x720,1
1.3.302,cards,0.144999995827675,0,4.94099998474121,4.7350001335144,4.91599988937378,4.7039999961853,AMD Radeon(TM) Graphics,0.031000137329099786,integrated_gpu,AMD,0.04000043869018499,0.62999963760376,0.07499969005584006,3.49900019168854,APPROX_KAJIYA_KAY,bc073883f0825c97af93c4a4e36fa1e2-driver-8388939,921600,5,1280x720,1
1.3.302,cards,0.131999999284744,0,4.25,4.12799978256226,4.23099994659424,4.09000015258789,AMD Radeon(TM) Graphics,0.02299976348877042,integrated_gpu,AMD,,,0.02499997615813987,2.90299999713898,CARD_CONTROL,bc073883f0825c97af93c4a4e36fa1e2-driver-8388939,921600,5,1280x720,1
1.3.302,cards,0.142000004649162,0,5.89499998092651,5.83699989318848,5.97300004959106,5.82200002670288,AMD Radeon(TM) Graphics,0.014999866485600144,integrated_gpu,AMD,0.028999805450439897,1.71700000762939,0.008000016212459826,4.60099995136261,CINEMATIC_MARSCHNER,bc073883f0825c97af93c4a4e36fa1e2-driver-8388939,921600,5,1280x720,1
1.3.302,cards,0.170000001788139,0,5.35500001907349,5.20699977874756,5.32600021362305,5.15799999237061,AMD Radeon(TM) Graphics,0.04899978637695046,integrated_gpu,AMD,0.02600002288818004,1.0789999961853,0.05000019073486994,3.98299980163574,FAST_MARSCHNER,bc073883f0825c97af93c4a4e36fa1e2-driver-8388939,921600,5,1280x720,1
1.3.302,cards,0.194000005722046,0,8.69200038909912,7.94299983978271,8.21300029754639,7.81599998474121,AMD Radeon(TM) Graphics,0.11599969863891069,integrated_gpu,AMD,0.1030001640319802,3.81500005722046,0.12999987602234064,6.7189998626709,LUT_PROBE_16,bc073883f0825c97af93c4a4e36fa1e2-driver-8388939,921600,5,1280x720,1
1.3.302,cards,0.0869999974966049,0,1.32200002670288,1.22899997234344,1.30799996852875,1.22399997711182,AMD Radeon(TM) Graphics,0.00499999523161998,integrated_gpu,AMD,,,,,NO_HAIR,bc073883f0825c97af93c4a4e36fa1e2-driver-8388939,921600,5,1280x720,1
1.3.302,cards,0.142000004649162,0,5.38199996948242,5.31500005722046,5.42399978637695,5.30000019073486,AMD Radeon(TM) Graphics,0.014999866485600144,integrated_gpu,AMD,0.029999732971189852,1.19500017166138,0.008999943733220661,4.07900011539459,REFERENCE_MARSCHNER,bc073883f0825c97af93c4a4e36fa1e2-driver-8388939,921600,5,1280x720,1
1.3.302,cards,0.140000000596046,3,5.31500005722046,5.28900003433228,5.3730001449585,5.28299999237061,AMD Radeon(TM) Graphics,0.0030002593994193916,integrated_gpu,AMD,0.016000270843510078,1.05299997329712,0.005999803543089932,3.7889997959137,ALU_PROBE_96,bc073883f0825c97af93c4a4e36fa1e2-driver-8388939,921600,5,1280x720,4
1.3.302,cards,0.156000003218651,3,5.42000007629395,5.41099977493286,5.52199983596802,5.40700006484985,AMD Radeon(TM) Graphics,0.003999710083010477,integrated_gpu,AMD,0.01999998092651012,1.15799999237061,0.002000331878659889,3.90799975395203,APPROX_KAJIYA_KAY,bc073883f0825c97af93c4a4e36fa1e2-driver-8388939,921600,5,1280x720,4
1.3.302,cards,0.155000001192093,3,4.35300016403198,4.26000022888184,4.36800003051758,4.21999979019165,AMD Radeon(TM) Graphics,0.031000137329110444,integrated_gpu,AMD,,,0.023000001907349965,2.75200009346008,CARD_CONTROL,bc073883f0825c97af93c4a4e36fa1e2-driver-8388939,921600,5,1280x720,4
1.3.302,cards,0.197999998927116,3,8.61699962615967,8.5959997177124,9.23299980163574,8.54500007629395,AMD Radeon(TM) Graphics,0.006999969482420099,integrated_gpu,AMD,0.0290007591247603,4.34099960327148,4.768371599794818e-07,7.09299969673157,CINEMATIC_MARSCHNER,bc073883f0825c97af93c4a4e36fa1e2-driver-8388939,921600,5,1280x720,4
1.3.302,cards,0.152999997138977,3,6.69600009918213,6.67000007629395,6.81599998474121,6.66699981689453,AMD Radeon(TM) Graphics,0.0030002593994193916,integrated_gpu,AMD,0.01800012588501021,2.43599987030029,0.0099999904632595,5.16699981689453,FAST_MARSCHNER,bc073883f0825c97af93c4a4e36fa1e2-driver-8388939,921600,5,1280x720,4
1.3.302,cards,0.194999992847443,3,8.13199996948242,8.02099990844727,8.24899959564209,7.9689998626709,AMD Radeon(TM) Graphics,0.052000045776368964,integrated_gpu,AMD,0.011999607086180308,3.76099967956543,0.04600000381469993,6.51799988746643,LUT_PROBE_16,bc073883f0825c97af93c4a4e36fa1e2-driver-8388939,921600,5,1280x720,4
1.3.302,cards,0.100000001490116,3,1.52900004386902,1.50300002098084,1.60300004482269,1.49699997901917,AMD Radeon(TM) Graphics,0.006000041961670144,integrated_gpu,AMD,,,,,NO_HAIR,bc073883f0825c97af93c4a4e36fa1e2-driver-8388939,921600,5,1280x720,4
1.3.302,cards,0.184000000357628,3,6.85699987411499,6.83400011062622,7.03299999237061,6.82499980926514,AMD Radeon(TM) Graphics,0.009000301361079543,integrated_gpu,AMD,0.020999908447270066,2.59499979019165,0.015999794006339663,5.33100008964539,REFERENCE_MARSCHNER,bc073883f0825c97af93c4a4e36fa1e2-driver-8388939,921600,5,1280x720,4
1.3.302,cards,0.145999997854233,7,5.47800016403198,5.46799993515015,5.56899976730347,5.45599985122681,AMD Radeon(TM) Graphics,0.004000186920159798,integrated_gpu,AMD,0.006000041961669922,1.06099987030029,0.0030002593994198357,3.61499989032745,ALU_PROBE_96,bc073883f0825c97af93c4a4e36fa1e2-driver-8388939,921600,5,1280x720,8
1.3.302,cards,0.158999994397163,7,6.40000009536743,6.3899998664856,6.51900005340576,6.37799978256226,AMD Radeon(TM) Graphics,0.01000022888182972,integrated_gpu,AMD,0.005999565124519934,1.97299957275391,0.002999901771549851,4.53400003910065,APPROX_KAJIYA_KAY,bc073883f0825c97af93c4a4e36fa1e2-driver-8388939,921600,5,1280x720,8
1.3.302,cards,0.122000001370907,7,4.42700004577637,4.40500020980835,4.51399993896484,4.39499998092651,AMD Radeon(TM) Graphics,0.005000114440919745,integrated_gpu,AMD,,,0.010999798774720126,2.54700005054474,CARD_CONTROL,bc073883f0825c97af93c4a4e36fa1e2-driver-8388939,921600,5,1280x720,8
1.3.302,cards,0.228000000119209,7,12.25,12.210000038147,13.4320001602173,12.1859998703003,AMD Radeon(TM) Graphics,0.024000167846699227,integrated_gpu,AMD,0.013999938964840197,7.79099988937378,0.012000203132700449,10.3500000238419,CINEMATIC_MARSCHNER,bc073883f0825c97af93c4a4e36fa1e2-driver-8388939,921600,5,1280x720,8
1.3.302,cards,0.195999994874001,7,8.58600044250488,8.47599983215332,8.93900012969971,8.45499992370605,AMD Radeon(TM) Graphics,0.01300048828125,integrated_gpu,AMD,0.02000045776367987,4.08099985122681,0.031000137329110444,6.62799978256226,FAST_MARSCHNER,bc073883f0825c97af93c4a4e36fa1e2-driver-8388939,921600,5,1280x720,8
1.3.302,cards,0.196999996900558,7,8.29599952697754,8.18299961090088,8.54500007629395,8.16100025177002,AMD Radeon(TM) Graphics,0.02199935913086115,integrated_gpu,AMD,0.03299951553344993,3.78299951553345,0.01699936389922918,6.32999956607819,LUT_PROBE_16,bc073883f0825c97af93c4a4e36fa1e2-driver-8388939,921600,5,1280x720,8
1.3.302,cards,0.0920000001788139,7,1.86899995803833,1.85300004482269,1.96700000762939,1.84800004959106,AMD Radeon(TM) Graphics,0.004999995231629972,integrated_gpu,AMD,,,,,NO_HAIR,bc073883f0825c97af93c4a4e36fa1e2-driver-8388939,921600,5,1280x720,8
1.3.302,cards,0.212999999523163,7,8.79199981689453,8.78400039672852,9.10299968719482,8.76599979400635,AMD Radeon(TM) Graphics,0.007999420166010296,integrated_gpu,AMD,0.012000560760499823,4.37500047683716,0.006999969482420099,6.92999994754791,REFERENCE_MARSCHNER,bc073883f0825c97af93c4a4e36fa1e2-driver-8388939,921600,5,1280x720,8
1.3.302,coverage,0.230000004172325,0,10.8120002746582,10.7130002975464,10.9469995498657,10.6789999008179,AMD Radeon(TM) Graphics,0.018000602722199943,integrated_gpu,AMD,0.017000198364260033,1.82499980926514,0.015999794006349433,9.4619996547699,ALU_PROBE_96,bc073883f0825c97af93c4a4e36fa1e2-driver-8388939,921600,5,1280x720,1
1.3.302,coverage,0.221000000834465,0,9.97299957275391,9.88000011444092,10.0389995574951,9.79500007629395,AMD Radeon(TM) Graphics,0.048000335693359375,integrated_gpu,AMD,0.08199977874756104,0.970000267028809,0.07500004768371937,8.63700008392334,APPROX_KAJIYA_KAY,bc073883f0825c97af93c4a4e36fa1e2-driver-8388939,921600,5,1280x720,1
1.3.302,coverage,0.214000001549721,0,9.51200008392334,8.87800025939941,9.18599987030029,8.82499980926514,AMD Radeon(TM) Graphics,0.03999996185302912,integrated_gpu,AMD,,,0.035000443458550023,7.62700021266937,CARD_CONTROL,bc073883f0825c97af93c4a4e36fa1e2-driver-8388939,921600,5,1280x720,1
1.3.302,coverage,0.241999998688698,0,12.2980003356934,12.1859998703003,12.5410003662109,12.0719995498657,AMD Radeon(TM) Graphics,0.1059999465941992,integrated_gpu,AMD,0.015999794006349877,3.2519998550415,0.04800033569340023,10.8869998455048,CINEMATIC_MARSCHNER,bc073883f0825c97af93c4a4e36fa1e2-driver-8388939,921600,5,1280x720,1
1.3.302,coverage,0.236000001430511,0,11.0310001373291,10.7889995574951,11.0310001373291,10.7030000686646,AMD Radeon(TM) Graphics,0.07299995422359906,integrated_gpu,AMD,0.038000106811519885,1.89699935913086,0.07299995422363992,9.5559995174408,FAST_MARSCHNER,bc073883f0825c97af93c4a4e36fa1e2-driver-8388939,921600,5,1280x720,1
1.3.302,coverage,0.24099999666214,0,18.943000793457,17.326000213623,17.7910003662109,17.1229991912842,AMD Radeon(TM) Graphics,0.20300102233879969,integrated_gpu,AMD,0.08400058746338068,8.40799999237061,0.19300103187560147,16.0830001831055,LUT_PROBE_16,bc073883f0825c97af93c4a4e36fa1e2-driver-8388939,921600,5,1280x720,1
1.3.302,coverage,0.0920000001788139,0,1.40499997138977,1.24300003051758,1.31700003147125,1.23300004005432,AMD Radeon(TM) Graphics,0.009999990463259945,integrated_gpu,AMD,,,,,NO_HAIR,bc073883f0825c97af93c4a4e36fa1e2-driver-8388939,921600,5,1280x720,1
1.3.302,coverage,0.252000004053116,0,14.03600025177,14.0240001678467,14.2489995956421,13.9809999465942,AMD Radeon(TM) Graphics,0.012000083923300764,integrated_gpu,AMD,0.02900028228760032,5.14599990844727,0.02500021457670165,12.7730001211166,REFERENCE_MARSCHNER,bc073883f0825c97af93c4a4e36fa1e2-driver-8388939,921600,5,1280x720,1
1.3.302,coverage,0.23199999332428,3,10.9309997558594,10.9079999923706,11.085000038147,10.8760004043579,AMD Radeon(TM) Graphics,0.017000198364300445,integrated_gpu,AMD,0.012999534606930041,1.76300048828125,0.01000022888183949,9.39499998092651,ALU_PROBE_96,bc073883f0825c97af93c4a4e36fa1e2-driver-8388939,921600,5,1280x720,4
1.3.302,coverage,0.232999995350838,3,11.2110004425049,11.0909996032715,11.2889995574951,11.076000213623,AMD Radeon(TM) Graphics,0.013000488281200262,integrated_gpu,AMD,0.03999996185303001,1.94600009918213,0.027999401092529297,9.58599960803986,APPROX_KAJIYA_KAY,bc073883f0825c97af93c4a4e36fa1e2-driver-8388939,921600,5,1280x720,4
1.3.302,coverage,0.231000006198883,3,9.19999980926514,9.15799999237061,9.44400024414063,9.10499954223633,AMD Radeon(TM) Graphics,0.0260000228881907,integrated_gpu,AMD,,,0.027999758720399726,7.6419997215271,CARD_CONTROL,bc073883f0825c97af93c4a4e36fa1e2-driver-8388939,921600,5,1280x720,4
1.3.302,coverage,0.24600000679493,3,17.4400005340576,17.1159992218018,18.8449993133545,17.0659999847412,AMD Radeon(TM) Graphics,0.049999237060600166,integrated_gpu,AMD,0.07599925994873047,7.98399925231934,0.04499924182890069,15.597999215126,CINEMATIC_MARSCHNER,bc073883f0825c97af93c4a4e36fa1e2-driver-8388939,921600,5,1280x720,4
1.3.302,coverage,0.241999998688698,3,13.5419998168945,13.2819995880127,13.6440000534058,13.2559995651245,AMD Radeon(TM) Graphics,0.023999214172400585,integrated_gpu,AMD,0.04699993133545011,4.13000011444092,0.03700053691859928,11.7750000953674,FAST_MARSCHNER,bc073883f0825c97af93c4a4e36fa1e2-driver-8388939,921600,5,1280x720,4
1.3.302,coverage,0.245000004768372,3,17.75,17.6909999847412,18.326000213623,17.4370002746582,AMD Radeon(TM) Graphics,0.05900001525879972,integrated_gpu,AMD,0.06199932098387961,8.51299953460693,0.05200004577639916,16.1779999732971,LUT_PROBE_16,bc073883f0825c97af93c4a4e36fa1e2-driver-8388939,921600,5,1280x720,4
1.3.302,coverage,0.108000002801418,3,1.52400004863739,1.51800000667572,1.63199996948242,1.50499999523163,AMD Radeon(TM) Graphics,0.004999995231629972,integrated_gpu,AMD,,,,,NO_HAIR,bc073883f0825c97af93c4a4e36fa1e2-driver-8388939,921600,5,1280x720,4
1.3.302,coverage,0.254999995231628,3,16.9549999237061,16.8810005187988,17.2490005493164,16.7220001220703,AMD Radeon(TM) Graphics,0.04000091552730112,integrated_gpu,AMD,0.07800102233886008,7.71900081634521,0.044000983238200675,15.3610005378723,REFERENCE_MARSCHNER,bc073883f0825c97af93c4a4e36fa1e2-driver-8388939,921600,5,1280x720,4
1.3.302,coverage,0.236000001430511,7,11.2290000915527,11.1490001678467,11.3680000305176,11.1379995346069,AMD Radeon(TM) Graphics,0.006999969482398782,integrated_gpu,AMD,0.04600048065185991,1.79100036621094,0.006999969482430757,9.29000020027161,ALU_PROBE_96,bc073883f0825c97af93c4a4e36fa1e2-driver-8388939,921600,5,1280x720,8
1.3.302,coverage,0.24099999666214,7,13.0600004196167,12.7959995269775,13.0329999923706,12.7770004272461,AMD Radeon(TM) Graphics,0.018999099731399127,integrated_gpu,AMD,0.012001037597650033,3.42599964141846,0.010999798774699698,10.9319995641708,APPROX_KAJIYA_KAY,bc073883f0825c97af93c4a4e36fa1e2-driver-8388939,921600,5,1280x720,8
1.3.302,coverage,0.23199999332428,7,9.6899995803833,9.38899993896484,9.63099956512451,9.33899974822998,AMD Radeon(TM) Graphics,0.038000106811519885,integrated_gpu,AMD,,,0.03300011157989058,7.52499997615814,CARD_CONTROL,bc073883f0825c97af93c4a4e36fa1e2-driver-8388939,921600,5,1280x720,8
1.3.302,coverage,0.248999997973442,7,24.3120002746582,24.238000869751,27.5069999694824,24.125,AMD Radeon(TM) Graphics,0.05999946594239702,integrated_gpu,AMD,0.10999965667729938,14.8490009307861,0.0679994821548,22.3740009069443,CINEMATIC_MARSCHNER,bc073883f0825c97af93c4a4e36fa1e2-driver-8388939,921600,5,1280x720,8
1.3.302,coverage,0.247999995946884,7,16.2350006103516,16.0650005340576,17.378999710083,16.0330009460449,AMD Radeon(TM) Graphics,0.031999588012698865,integrated_gpu,AMD,0.043999671936040485,6.6820011138916,0.03499960899359955,14.2090005874634,FAST_MARSCHNER,bc073883f0825c97af93c4a4e36fa1e2-driver-8388939,921600,5,1280x720,8
1.3.302,coverage,0.245000004768372,7,17.7999992370605,17.6700000762939,18.5659999847412,17.5480003356934,AMD Radeon(TM) Graphics,0.07099914550779829,integrated_gpu,AMD,0.09199905395506924,8.31900024414063,0.08899915218360022,15.8110001087189,LUT_PROBE_16,bc073883f0825c97af93c4a4e36fa1e2-driver-8388939,921600,5,1280x720,8
1.3.302,coverage,0.0970000028610229,7,1.87699997425079,1.85899996757507,2.03500008583069,1.85599994659424,AMD Radeon(TM) Graphics,0.003000020980829854,integrated_gpu,AMD,,,,,NO_HAIR,bc073883f0825c97af93c4a4e36fa1e2-driver-8388939,921600,5,1280x720,8
1.3.302,coverage,0.25900000333786,7,21.0459995269775,20.068000793457,21.2280006408691,19.4029998779297,AMD Radeon(TM) Graphics,0.6509990692138992,integrated_gpu,AMD,0.6129989624024006,10.7170009613037,0.6459990739821997,18.209000825882,REFERENCE_MARSCHNER,bc073883f0825c97af93c4a4e36fa1e2-driver-8388939,921600,5,1280x720,8
1.3.302,cards,0.25,0,10.8570003509521,10.7810001373291,10.9890003204346,10.7650003433228,AMD Radeon(TM) Graphics,0.013000488281200262,integrated_gpu,AMD,0.02200031280518,1.83899974822998,0.018999576568608845,8.33500003814697,ALU_PROBE_96,bc073883f0825c97af93c4a4e36fa1e2-driver-8388939,2073600,5,1920x1080,1
1.3.302,cards,0.256999999284744,0,10.28600025177,10.2469997406006,10.5240001678467,10.2159996032715,AMD Radeon(TM) Graphics,0.020000457763700297,integrated_gpu,AMD,0.016999244689940074,1.31199932098389,0.02299976348876953,7.81399965286255,APPROX_KAJIYA_KAY,bc073883f0825c97af93c4a4e36fa1e2-driver-8388939,2073600,5,1920x1080,1
1.3.302,cards,0.24600000679493,0,8.9709997177124,8.94499969482422,9.19499969482422,8.9040002822876,AMD Radeon(TM) Graphics,0.005000114440919745,integrated_gpu,AMD,,,0.015999555587769443,6.49600028991699,CARD_CONTROL,bc073883f0825c97af93c4a4e36fa1e2-driver-8388939,2073600,5,1920x1080,1
1.3.302,cards,0.257999986410141,0,12.5349998474121,12.496000289917,12.7440004348755,12.4119997024536,AMD Radeon(TM) Graphics,0.0389995574951012,integrated_gpu,AMD,0.024001121520989877,3.53200054168701,0.035999774932799156,10.0500001907349,CINEMATIC_MARSCHNER,bc073883f0825c97af93c4a4e36fa1e2-driver-8388939,2073600,5,1920x1080,1
1.3.302,cards,0.257999986410141,0,11.4270000457764,11.1400003433228,11.3719997406006,11.1099996566772,AMD Radeon(TM) Graphics,0.012999534606899843,integrated_gpu,AMD,0.010998725891110173,2.19500064849854,0.022000074386600232,8.69799971580505,FAST_MARSCHNER,bc073883f0825c97af93c4a4e36fa1e2-driver-8388939,2073600,5,1920x1080,1
1.3.302,cards,0.254000008106232,0,15.1940002441406,15.1040000915527,15.5129995346069,14.960000038147,AMD Radeon(TM) Graphics,0.06400012969969993,integrated_gpu,AMD,0.07199954986571999,6.1540002822876,0.054000377655000875,12.6679997444153,LUT_PROBE_16,bc073883f0825c97af93c4a4e36fa1e2-driver-8388939,2073600,5,1920x1080,1
1.3.302,cards,0.14300000667572,0,2.45799994468689,2.44600009918213,2.60800004005432,2.43300008773804,AMD Radeon(TM) Graphics,0.008000135421749821,integrated_gpu,AMD,,,,,NO_HAIR,bc073883f0825c97af93c4a4e36fa1e2-driver-8388939,2073600,5,1920x1080,1
1.3.302,cards,0.273999989032745,0,11.6490001678467,11.6260004043579,11.8739995956421,11.4930000305176,AMD Radeon(TM) Graphics,0.011999130249000345,integrated_gpu,AMD,0.009999275207519975,2.67400074005127,0.024999141693120563,9.18000030517578,REFERENCE_MARSCHNER,bc073883f0825c97af93c4a4e36fa1e2-driver-8388939,2073600,5,1920x1080,1
1.3.302,cards,0.254999995231628,3,11.371000289917,11.0909996032715,11.3269996643066,11.0579996109009,AMD Radeon(TM) Graphics,0.013000488281200262,integrated_gpu,AMD,0.029000282287599877,1.87199974060059,0.00100040435790838,8.09699964523315,ALU_PROBE_96,bc073883f0825c97af93c4a4e36fa1e2-driver-8388939,2073600,5,1920x1080,4
1.3.302,cards,0.259999990463257,3,12.1859998703003,11.8330001831055,12.1099996566772,11.8170003890991,AMD Radeon(TM) Graphics,0.015999794006400947,integrated_gpu,AMD,0.0010004043579101562,2.60300064086914,0.012999534606930041,8.8289999961853,APPROX_KAJIYA_KAY,bc073883f0825c97af93c4a4e36fa1e2-driver-8388939,2073600,5,1920x1080,4
1.3.302,cards,0.259999990463257,3,9.83300018310547,9.2189998626709,9.51900005340576,9.16100025177002,AMD Radeon(TM) Graphics,0.010999679565429688,integrated_gpu,AMD,,,0.00999927520752042,6.22399950027466,CARD_CONTROL,bc073883f0825c97af93c4a4e36fa1e2-driver-8388939,2073600,5,1920x1080,4
1.3.302,cards,0.259999990463257,3,19.7689990997314,19.4899997711182,19.8819999694824,19.4669990539551,AMD Radeon(TM) Graphics,0.02300071716310015,integrated_gpu,AMD,0.034998893737800074,10.2709999084473,0.015000820159897899,16.4959998130798,CINEMATIC_MARSCHNER,bc073883f0825c97af93c4a4e36fa1e2-driver-8388939,2073600,5,1920x1080,4
1.3.302,cards,0.257999986410141,3,14.9130001068115,14.414999961853,14.6789999008179,14.3680000305176,AMD Radeon(TM) Graphics,0.03499984741209872,integrated_gpu,AMD,0.024000167846680576,5.19600009918213,0.03600025176999999,11.4210000038147,FAST_MARSCHNER,bc073883f0825c97af93c4a4e36fa1e2-driver-8388939,2073600,5,1920x1080,4
1.3.302,cards,0.259999990463257,3,17.2019996643066,15.4899997711182,15.9309997558594,15.4049997329712,AMD Radeon(TM) Graphics,0.04199981689459875,integrated_gpu,AMD,0.027000427246099967,6.27099990844727,0.05399990081780004,12.4959998130798,LUT_PROBE_16,bc073883f0825c97af93c4a4e36fa1e2-driver-8388939,2073600,5,1920x1080,4
1.3.302,cards,0.167999997735024,3,3.11400008201599,3.00099992752075,3.23399996757507,2.98600006103516,AMD Radeon(TM) Graphics,0.006999969482420099,integrated_gpu,AMD,,,,,NO_HAIR,bc073883f0825c97af93c4a4e36fa1e2-driver-8388939,2073600,5,1920x1080,4
1.3.302,cards,0.268999993801117,3,15.0299997329712,14.9700002670288,15.2309999465942,14.9370002746582,AMD Radeon(TM) Graphics,0.005999565124501061,integrated_gpu,AMD,0.04899978637694957,5.75100040435791,0.013999462127699758,11.9760003089905,REFERENCE_MARSCHNER,bc073883f0825c97af93c4a4e36fa1e2-driver-8388939,2073600,5,1920x1080,4
1.3.302,cards,0.270999997854233,7,11.6700000762939,11.5229997634888,11.8109998703003,11.4049997329712,AMD Radeon(TM) Graphics,0.08199977874749997,integrated_gpu,AMD,0.15400028228759988,1.86599922180176,0.07899999618530007,7.7909996509552,ALU_PROBE_96,bc073883f0825c97af93c4a4e36fa1e2-driver-8388939,2073600,5,1920x1080,8
1.3.302,cards,0.259999990463257,7,13.9490003585815,13.9409999847412,14.2620000839233,13.8760004043579,AMD Radeon(TM) Graphics,0.008000373840300057,integrated_gpu,AMD,0.05200099945068004,4.26599979400635,0.01699972152709961,10.2139999866486,APPROX_KAJIYA_KAY,bc073883f0825c97af93c4a4e36fa1e2-driver-8388939,2073600,5,1920x1080,8
1.3.302,cards,0.263000011444092,7,9.77299976348877,9.63099956512451,10.0229997634888,9.58500003814697,AMD Radeon(TM) Graphics,0.04599952697753906,integrated_gpu,AMD,,,0.03800058364868075,5.91700053215027,CARD_CONTROL,bc073883f0825c97af93c4a4e36fa1e2-driver-8388939,2073600,5,1920x1080,8
1.3.302,cards,0.263999998569489,7,28.7409992218018,27.4150009155273,29.6060009002686,27.2490005493164,AMD Radeon(TM) Graphics,0.014999389648497896,integrated_gpu,AMD,0.08599948883059838,17.75,0.03799962997440076,23.6980001926422,CINEMATIC_MARSCHNER,bc073883f0825c97af93c4a4e36fa1e2-driver-8388939,2073600,5,1920x1080,8
1.3.302,cards,0.261000007390976,7,18.8899993896484,18.8390007019043,19.2169990539551,18.7849998474121,AMD Radeon(TM) Graphics,0.025999069213899162,integrated_gpu,AMD,0.0690011978149414,9.18499946594238,0.004998683929500203,15.1330006122589,FAST_MARSCHNER,bc073883f0825c97af93c4a4e36fa1e2-driver-8388939,2073600,5,1920x1080,8
1.3.302,cards,0.272000014781952,7,16.2059993743896,16.1149997711182,16.7800006866455,15.6300001144409,AMD Radeon(TM) Graphics,0.09099960327139911,integrated_gpu,AMD,0.10999870300293058,6.48400020599365,0.14799976348879973,12.3629996776581,LUT_PROBE_16,bc073883f0825c97af93c4a4e36fa1e2-driver-8388939,2073600,5,1920x1080,8
1.3.302,cards,0.17399999499321,7,3.75200009346008,3.70600008964539,3.97499990463257,3.69300007820129,AMD Radeon(TM) Graphics,0.013000011444100235,integrated_gpu,AMD,,,,,NO_HAIR,bc073883f0825c97af93c4a4e36fa1e2-driver-8388939,2073600,5,1920x1080,8
1.3.302,cards,0.275000005960464,7,20.1119995117188,19.7210006713867,20.1389999389648,19.6650009155273,AMD Radeon(TM) Graphics,0.05599975585939987,integrated_gpu,AMD,0.14899826049805043,10.096999168396,0.09499979019160065,16.0280005931854,REFERENCE_MARSCHNER,bc073883f0825c97af93c4a4e36fa1e2-driver-8388939,2073600,5,1920x1080,8
1.3.302,coverage,0.226999998092651,0,20.4740009307861,20.4379997253418,20.7830009460449,20.3990001678467,AMD Radeon(TM) Graphics,0.007999420166001414,integrated_gpu,AMD,0.1049995422363299,3.22700119018555,0.007999181747400996,18.0080006122589,ALU_PROBE_96,bc073883f0825c97af93c4a4e36fa1e2-driver-8388939,2073600,5,1920x1080,1
1.3.302,coverage,0.238000005483627,0,19.4440002441406,19.3190002441406,20.117000579834,19.2439994812012,AMD Radeon(TM) Graphics,0.07500076293939983,integrated_gpu,AMD,0.047998428344730115,2.13000106811523,0.04100036621090197,16.8870003223419,APPROX_KAJIYA_KAY,bc073883f0825c97af93c4a4e36fa1e2-driver-8388939,2073600,5,1920x1080,1
1.3.302,coverage,0.229000002145767,0,17.3139991760254,17.2129993438721,17.6660003662109,17.0659999847412,AMD Radeon(TM) Graphics,0.07099914550779829,integrated_gpu,AMD,,,0.015999794006299695,14.7809994220734,CARD_CONTROL,bc073883f0825c97af93c4a4e36fa1e2-driver-8388939,2073600,5,1920x1080,1
1.3.302,coverage,0.238000005483627,0,23.9890003204346,23.6560001373291,24.7019996643066,23.3139991760254,AMD Radeon(TM) Graphics,0.19000053405760298,integrated_gpu,AMD,0.16199874877929954,6.34200096130371,0.1470003128051971,21.1390001773834,CINEMATIC_MARSCHNER,bc073883f0825c97af93c4a4e36fa1e2-driver-8388939,2073600,5,1920x1080,1
1.3.302,coverage,0.23199999332428,0,21.1679992675781,20.9150009155273,21.6580009460449,20.7980003356934,AMD Radeon(TM) Graphics,0.06999969482430046,integrated_gpu,AMD,0.10199928283691984,3.77300071716309,0.016999006271298356,18.4680006504059,FAST_MARSCHNER,bc073883f0825c97af93c4a4e36fa1e2-driver-8388939,2073600,5,1920x1080,1
1.3.302,coverage,0.23199999332428,0,32.75,32.3959999084473,35.4739990234375,32.1430015563965,AMD Radeon(TM) Graphics,0.19200134277340197,integrated_gpu,AMD,0.1359996795653995,15.2740020751953,0.0970013141632009,29.9739999771118,LUT_PROBE_16,bc073883f0825c97af93c4a4e36fa1e2-driver-8388939,2073600,5,1920x1080,1
1.3.302,coverage,0.14300000667572,0,2.51699995994568,2.43899989128113,2.60500001907349,2.42199993133545,AMD Radeon(TM) Graphics,0.016999959945680043,integrated_gpu,AMD,,,,,NO_HAIR,bc073883f0825c97af93c4a4e36fa1e2-driver-8388939,2073600,5,1920x1080,1
1.3.302,coverage,0.226999998092651,0,27.0510005950928,26.8470001220703,27.2409992218018,26.8309993743896,AMD Radeon(TM) Graphics,0.01600074768069959,integrated_gpu,AMD,0.054998397827150214,9.68899917602539,0.040999650955200195,24.4180002212524,REFERENCE_MARSCHNER,bc073883f0825c97af93c4a4e36fa1e2-driver-8388939,2073600,5,1920x1080,1
1.3.302,coverage,0.231000006198883,3,21.7770004272461,20.9069995880127,21.2240009307861,20.8339996337891,AMD Radeon(TM) Graphics,0.06999969482419743,integrated_gpu,AMD,0.029001235961910066,3.26600074768066,0.036000251769998215,17.845999956131,ALU_PROBE_96,bc073883f0825c97af93c4a4e36fa1e2-driver-8388939,2073600,5,1920x1080,4
1.3.302,coverage,0.23199999332428,3,22.4270000457764,21.7259998321533,22.0599994659424,21.5330009460449,AMD Radeon(TM) Graphics,0.19299888610839844,integrated_gpu,AMD,0.05900001525878995,4.06100082397461,0.19099903106690164,18.7000000476837,APPROX_KAJIYA_KAY,bc073883f0825c97af93c4a4e36fa1e2-driver-8388939,2073600,5,1920x1080,4
1.3.302,coverage,0.23199999332428,3,18.3659992218018,17.7229995727539,18.1569995880127,17.5709991455078,AMD Radeon(TM) Graphics,0.08899879455569959,integrated_gpu,AMD,,,0.04700160026550115,14.6270008087158,CARD_CONTROL,bc073883f0825c97af93c4a4e36fa1e2-driver-8388939,2073600,5,1920x1080,4
1.3.302,coverage,0.237000003457069,3,36.4249992370605,35.7729988098145,37.4970016479492,35.2360000610352,AMD Radeon(TM) Graphics,0.28700256347649855,integrated_gpu,AMD,0.1879978179931996,18.0590000152588,0.3139970302582,32.781998872757,CINEMATIC_MARSCHNER,bc073883f0825c97af93c4a4e36fa1e2-driver-8388939,2073600,5,1920x1080,4
1.3.302,coverage,0.231000006198883,3,26.867000579834,26.1060009002686,26.6140003204346,25.9570007324219,AMD Radeon(TM) Graphics,0.11299896240229756,integrated_gpu,AMD,0.006000518798829901,8.4950008392334,0.01799988746639869,23.0929999351501,FAST_MARSCHNER,bc073883f0825c97af93c4a4e36fa1e2-driver-8388939,2073600,5,1920x1080,4
1.3.302,coverage,0.233999997377396,3,35.5309982299805,32.7849998474121,33.8460006713867,32.3639984130859,AMD Radeon(TM) Graphics,0.26499938964839487,integrated_gpu,AMD,0.24999809265139916,15.1509990692139,0.14599943161009676,29.7779998779297,LUT_PROBE_16,bc073883f0825c97af93c4a4e36fa1e2-driver-8388939,2073600,5,1920x1080,4
1.3.302,coverage,0.199000000953674,3,3.12599992752075,3.0239999294281,3.25,2.9909999370575,AMD Radeon(TM) Graphics,0.018000125885009766,integrated_gpu,AMD,,,,,NO_HAIR,bc073883f0825c97af93c4a4e36fa1e2-driver-8388939,2073600,5,1920x1080,4
1.3.302,coverage,0.230000004172325,3,33.2330017089844,32.5,33.0209999084473,32.3320007324219,AMD Radeon(TM) Graphics,0.10100173950200286,integrated_gpu,AMD,0.012002944946200245,14.8659992218018,0.058000802993802836,29.4750018119812,REFERENCE_MARSCHNER,bc073883f0825c97af93c4a4e36fa1e2-driver-8388939,2073600,5,1920x1080,4
1.3.302,coverage,0.284000009298325,7,23.0699996948242,22.3999996185303,22.7229995727539,21.5659999847412,AMD Radeon(TM) Graphics,0.5949993133544993,integrated_gpu,AMD,0.14799880981446023,3.10600090026855,0.48799920082090154,18.5129995346069,ALU_PROBE_96,bc073883f0825c97af93c4a4e36fa1e2-driver-8388939,2073600,5,1920x1080,8
1.3.302,coverage,0.291000008583069,7,26.3719997406006,26.3110008239746,26.7000007629395,25.3129997253418,AMD Radeon(TM) Graphics,0.06099891662600143,integrated_gpu,AMD,0.13299942016602007,6.97500038146973,0.015000343322800092,22.4240007400513,APPROX_KAJIYA_KAY,bc073883f0825c97af93c4a4e36fa1e2-driver-8388939,2073600,5,1920x1080,8
1.3.302,coverage,0.252000004053116,7,19.7479991912842,19.3969993591309,19.8229999542236,18.3120002746582,AMD Radeon(TM) Graphics,0.35099983215330255,integrated_gpu,AMD,,,0.2449998855590998,15.547999382019,CARD_CONTROL,bc073883f0825c97af93c4a4e36fa1e2-driver-8388939,2073600,5,1920x1080,8
1.3.302,coverage,0.298000007867813,7,52.5419998168945,50.1040000915527,56.5359992980957,49.6020011901855,AMD Radeon(TM) Graphics,0.21500015258789773,integrated_gpu,AMD,0.543998718261701,30.7460021972656,0.28299999237059836,46.2170000076294,CINEMATIC_MARSCHNER,bc073883f0825c97af93c4a4e36fa1e2-driver-8388939,2073600,5,1920x1080,8
1.3.302,coverage,0.342000007629395,7,35.6829986572266,34.7560005187988,35.4830017089844,33.7890014648438,AMD Radeon(TM) Graphics,0.18400192260740056,integrated_gpu,AMD,0.29100227355959873,15.3940010070801,0.14099979400630147,30.8010005950928,FAST_MARSCHNER,bc073883f0825c97af93c4a4e36fa1e2-driver-8388939,2073600,5,1920x1080,8
1.3.302,coverage,0.284000009298325,7,37.8269996643066,36.2700004577637,37.4560012817383,34.2809982299805,AMD Radeon(TM) Graphics,1.4630012512207031,integrated_gpu,AMD,0.5530033111571999,16.5220012664795,1.5690011978149982,32.3150005340576,LUT_PROBE_16,bc073883f0825c97af93c4a4e36fa1e2-driver-8388939,2073600,5,1920x1080,8
1.3.302,coverage,0.314000010490417,7,3.95499992370605,3.84899997711182,4.10799980163574,3.74200010299683,AMD Radeon(TM) Graphics,0.0690000057220499,integrated_gpu,AMD,,,,,NO_HAIR,bc073883f0825c97af93c4a4e36fa1e2-driver-8388939,2073600,5,1920x1080,8
1.3.302,coverage,0.308999985456467,7,42.4630012512207,41.9780006408691,42.8650016784668,41.0429992675781,AMD Radeon(TM) Graphics,0.47000122070320316,integrated_gpu,AMD,0.5570011138916016,23.0660018920898,0.5230007171631001,38.0910005569458,REFERENCE_MARSCHNER,bc073883f0825c97af93c4a4e36fa1e2-driver-8388939,2073600,5,1920x1080,8
1.3.302,cards,0.317999988794327,0,19.8549995422363,19.6919994354248,20.3490009307861,19.0970001220703,AMD Radeon(TM) Graphics,0.16300010681149857,integrated_gpu,AMD,0.12900066375732022,3.27500057220459,0.23699998855589932,15.3709993362427,ALU_PROBE_96,bc073883f0825c97af93c4a4e36fa1e2-driver-8388939,3686400,5,2560x1440,1
1.3.302,cards,0.324000000953674,0,18.9080009460449,18.7970008850098,19.3549995422363,18.132999420166,AMD Radeon(TM) Graphics,0.1110000610350994,integrated_gpu,AMD,0.06800079345702992,2.32500076293945,0.07800006866460052,14.5830006599426,APPROX_KAJIYA_KAY,bc073883f0825c97af93c4a4e36fa1e2-driver-8388939,3686400,5,2560x1440,1
1.3.302,cards,0.300999999046326,0,16.8099994659424,16.4039993286133,16.8889999389648,15.8219995498657,AMD Radeon(TM) Graphics,0.40600013732910156,integrated_gpu,AMD,,,0.29900026321420015,12.1899991035461,CARD_CONTROL,bc073883f0825c97af93c4a4e36fa1e2-driver-8388939,3686400,5,2560x1440,1
1.3.302,cards,0.324999988079071,0,22.8430004119873,22.42799949646,23.5930004119873,21.4839992523193,AMD Radeon(TM) Graphics,0.2199993133544993,integrated_gpu,AMD,0.17499923706053977,5.80400085449219,0.20800065994270156,18.1069993972778,CINEMATIC_MARSCHNER,bc073883f0825c97af93c4a4e36fa1e2-driver-8388939,3686400,5,2560x1440,1
1.3.302,cards,0.324999988079071,0,20.7210006713867,20.1280002593994,21.6019992828369,19.3339996337891,AMD Radeon(TM) Graphics,0.399000167846701,integrated_gpu,AMD,0.21999931335449974,3.72400093078613,0.3660001754760991,15.9140000343323,FAST_MARSCHNER,bc073883f0825c97af93c4a4e36fa1e2-driver-8388939,3686400,5,2560x1440,1
1.3.302,cards,0.321000009775162,0,27.7889995574951,27.4160003662109,29.4629993438721,25.0919990539551,AMD Radeon(TM) Graphics,0.372999191284201,integrated_gpu,AMD,0.6830005645752006,10.8579998016357,0.39599895477299896,23.179000377655,LUT_PROBE_16,bc073883f0825c97af93c4a4e36fa1e2-driver-8388939,3686400,5,2560x1440,1
1.3.302,cards,0.344999998807907,0,4.32100009918213,4.23699998855591,4.55000019073486,4.15999984741211,AMD Radeon(TM) Graphics,0.02299976348877042,integrated_gpu,AMD,,,,,NO_HAIR,bc073883f0825c97af93c4a4e36fa1e2-driver-8388939,3686400,5,2560x1440,1
1.3.302,cards,0.331000000238419,0,21.125,20.9389991760254,21.5559997558594,19.882999420166,AMD Radeon(TM) Graphics,0.06100082397459872,integrated_gpu,AMD,0.10500144958496005,4.41699981689453,0.04099941253669925,16.7120003700256,REFERENCE_MARSCHNER,bc073883f0825c97af93c4a4e36fa1e2-driver-8388939,3686400,5,2560x1440,1
1.3.302,cards,0.296999990940094,3,19.5060005187988,19.3920001983643,19.9440002441406,19.2980003356934,AMD Radeon(TM) Graphics,0.08200073242189987,integrated_gpu,AMD,0.004000663757329992,3.4379997253418,0.01400089263909976,14.4090003967285,ALU_PROBE_96,bc073883f0825c97af93c4a4e36fa1e2-driver-8388939,3686400,5,2560x1440,4
1.3.302,cards,0.293999999761581,3,20.5790004730225,20.4270000457764,21.0259990692139,20.2900009155273,AMD Radeon(TM) Graphics,0.13400077819829903,integrated_gpu,AMD,0.025998115539549893,4.43400096893311,0.041000366210900197,15.418999671936,APPROX_KAJIYA_KAY,bc073883f0825c97af93c4a4e36fa1e2-driver-8388939,3686400,5,2560x1440,4
1.3.302,cards,0.28999999165535,3,16.1979999542236,15.9160003662109,16.3729991912842,15.8559999465942,AMD Radeon(TM) Graphics,0.060000419616700995,integrated_gpu,AMD,,,0.007999420165999638,10.9670000076294,CARD_CONTROL,bc073883f0825c97af93c4a4e36fa1e2-driver-8388939,3686400,5,2560x1440,4
1.3.302,cards,0.298000007867813,3,33.4580001831055,33.3129997253418,33.7809982299805,33.2050018310547,AMD Radeon(TM) Graphics,0.06700134277339487,integrated_gpu,AMD,0.08900165557859907,17.3490018844604,0.1269989013672017,28.3309984207153,CINEMATIC_MARSCHNER,bc073883f0825c97af93c4a4e36fa1e2-driver-8388939,3686400,5,2560x1440,4
1.3.302,cards,0.291000008583069,3,24.9740009307861,24.742000579834,25.201000213623,24.6140003204346,AMD Radeon(TM) Graphics,0.08100128173829901,integrated_gpu,AMD,0.018000602722169745,8.7760009765625,0.1129989624024006,19.7459993362427,FAST_MARSCHNER,bc073883f0825c97af93c4a4e36fa1e2-driver-8388939,3686400,5,2560x1440,4
1.3.302,cards,0.296000003814697,3,25.2800006866455,24.9009990692139,25.5139999389648,24.6949996948242,AMD Radeon(TM) Graphics,0.20599937438969818,integrated_gpu,AMD,0.08300113677977983,8.96700096130371,0.1660013198853001,20.0049991607666,LUT_PROBE_16,bc073883f0825c97af93c4a4e36fa1e2-driver-8388939,3686400,5,2560x1440,4
1.3.302,cards,0.193000003695488,3,5.10900020599365,4.91099977493286,5.34600019454956,4.88899993896484,AMD Radeon(TM) Graphics,0.014999866485590374,integrated_gpu,AMD,,,,,NO_HAIR,bc073883f0825c97af93c4a4e36fa1e2-driver-8388939,3686400,5,2560x1440,4
1.3.302,cards,0.30799999833107,3,26.1849994659424,25.9409999847412,26.2880001068115,25.8460006713867,AMD Radeon(TM) Graphics,0.07799911499019885,integrated_gpu,AMD,0.05399799346920098,10.0490007400513,0.09699916839599965,21.0260000228882,REFERENCE_MARSCHNER,bc073883f0825c97af93c4a4e36fa1e2-driver-8388939,3686400,5,2560x1440,4
1.3.302,cards,0.30799999833107,7,20.2290000915527,20.1149997711182,20.6660003662109,20.0189990997314,AMD Radeon(TM) Graphics,0.07399940490730117,integrated_gpu,AMD,0.12800025939941984,3.23299980163574,0.038999557495099424,13.9949998855591,ALU_PROBE_96,bc073883f0825c97af93c4a4e36fa1e2-driver-8388939,3686400,5,2560x1440,8
1.3.302,cards,0.300000011920929,7,24.4150009155273,24.2569999694824,24.761999130249,23.9909992218018,AMD Radeon(TM) Graphics,0.09600067138670099,integrated_gpu,AMD,0.09800148010253995,7.31900024414063,0.051000595092798306,18.1190004348755,APPROX_KAJIYA_KAY,bc073883f0825c97af93c4a4e36fa1e2-driver-8388939,3686400,5,2560x1440,8
1.3.302,cards,0.30799999833107,7,17.0340003967285,16.8080005645752,17.5470008850098,16.753999710083,AMD Radeon(TM) Graphics,0.05400085449219816,integrated_gpu,AMD,,,0.03400039672849964,10.6810007095337,CARD_CONTROL,bc073883f0825c97af93c4a4e36fa1e2-driver-8388939,3686400,5,2560x1440,8
1.3.302,cards,0.305999994277954,7,50.2569999694824,49.5419998168945,50.8019981384277,49.0449981689453,AMD Radeon(TM) Graphics,0.2709999084472017,integrated_gpu,AMD,0.4050006866455007,32.7569999694824,0.2989997863769034,43.4429998397827,CINEMATIC_MARSCHNER,bc073883f0825c97af93c4a4e36fa1e2-driver-8388939,3686400,5,2560x1440,8
1.3.302,cards,0.300999999046326,7,32.6720008850098,32.4210014343262,32.8819999694824,32.3450012207031,AMD Radeon(TM) Graphics,0.07600021362310372,integrated_gpu,AMD,0.06299972534180043,15.6380004882813,0.09299850463859727,26.3220014572144,FAST_MARSCHNER,bc073883f0825c97af93c4a4e36fa1e2-driver-8388939,3686400,5,2560x1440,8
1.3.302,cards,0.307000011205673,7,27.0939998626709,25.9860000610352,26.6399993896484,25.3390007019043,AMD Radeon(TM) Graphics,0.3350009918212997,integrated_gpu,AMD,0.22300148010253018,8.95499992370605,0.2310009002685014,19.7550001144409,LUT_PROBE_16,bc073883f0825c97af93c4a4e36fa1e2-driver-8388939,3686400,5,2560x1440,8
1.3.302,cards,0.293999999761581,7,6.23400020599365,6.1269998550415,6.76100015640259,6.09899997711182,AMD Radeon(TM) Graphics,0.003999710083000707,integrated_gpu,AMD,,,,,NO_HAIR,bc073883f0825c97af93c4a4e36fa1e2-driver-8388939,3686400,5,2560x1440,8
1.3.302,cards,0.314000010490417,7,34.7029991149902,34.2949981689453,35.2820014953613,33.9599990844727,AMD Radeon(TM) Graphics,0.21000289916990056,integrated_gpu,AMD,0.22800254821780186,17.4710006713867,0.13299942016600141,28.1679983139038,REFERENCE_MARSCHNER,bc073883f0825c97af93c4a4e36fa1e2-driver-8388939,3686400,5,2560x1440,8
1.3.302,coverage,0.270999997854233,0,35.7779998779297,35.7070007324219,36.0330009460449,35.4910011291504,AMD Radeon(TM) Graphics,0.06599807739259944,integrated_gpu,AMD,0.022998809814459342,5.3430004119873,0.05999898910519974,31.7040009498596,ALU_PROBE_96,bc073883f0825c97af93c4a4e36fa1e2-driver-8388939,3686400,5,2560x1440,1
1.3.302,coverage,0.270999997854233,0,34.1749992370605,34.068000793457,34.7519989013672,33.7799987792969,AMD Radeon(TM) Graphics,0.06500244140620026,integrated_gpu,AMD,0.06900215148926003,3.63199806213379,0.05100274085999956,30.0650010108948,APPROX_KAJIYA_KAY,bc073883f0825c97af93c4a4e36fa1e2-driver-8388939,3686400,5,2560x1440,1
1.3.302,coverage,0.268999993801117,0,30.5890007019043,30.367000579834,30.8169994354248,30.1480007171631,AMD Radeon(TM) Graphics,0.18500137329099786,integrated_gpu,AMD,,,0.1540000438690008,26.3640007972717,CARD_CONTROL,bc073883f0825c97af93c4a4e36fa1e2-driver-8388939,3686400,5,2560x1440,1
1.3.302,coverage,0.272000014781952,0,40.8219985961914,40.7249984741211,41.6599998474121,40.423999786377,AMD Radeon(TM) Graphics,0.06400299072269888,integrated_gpu,AMD,0.04300117492679867,10.2759990692139,0.057997703552196356,36.740998506546,CINEMATIC_MARSCHNER,bc073883f0825c97af93c4a4e36fa1e2-driver-8388939,3686400,5,2560x1440,1
1.3.302,coverage,0.26800000667572,0,36.8019981384277,36.7919998168945,37.2760009765625,36.5330009460449,AMD Radeon(TM) Graphics,0.00999832153319602,integrated_gpu,AMD,0.048997879028319424,6.38500022888184,0.007999658584601832,32.7899992465973,FAST_MARSCHNER,bc073883f0825c97af93c4a4e36fa1e2-driver-8388939,3686400,5,2560x1440,1
1.3.302,coverage,0.273000001907349,0,52.6349983215332,51.7459983825684,52.8209991455078,50.9630012512207,AMD Radeon(TM) Graphics,0.047996520996100855,integrated_gpu,AMD,0.3089981079100994,21.4179992675781,0.07799649238589978,47.7619984149933,LUT_PROBE_16,bc073883f0825c97af93c4a4e36fa1e2-driver-8388939,3686400,5,2560x1440,1
1.3.302,coverage,0.187000006437302,0,4.01399993896484,3.98900008201599,4.26200008392334,3.93799996376038,AMD Radeon(TM) Graphics,0.013999700546270422,integrated_gpu,AMD,,,,,NO_HAIR,bc073883f0825c97af93c4a4e36fa1e2-driver-8388939,3686400,5,2560x1440,1
1.3.302,coverage,0.277999997138977,0,48.0349998474121,47.8919982910156,49.4039993286133,47.7239990234375,AMD Radeon(TM) Graphics,0.10899734497069602,integrated_gpu,AMD,0.07899856567380326,17.5249977111816,0.09499764442449532,43.8889985084534,REFERENCE_MARSCHNER,bc073883f0825c97af93c4a4e36fa1e2-driver-8388939,3686400,5,2560x1440,1
1.3.302,coverage,0.270999997854233,3,36.3660011291504,36.3320007324219,36.7719993591309,36.2270011901855,AMD Radeon(TM) Graphics,0.03400039672849431,integrated_gpu,AMD,0.0200004577636701,5.34900093078613,0.0460004806518981,31.4120006561279,ALU_PROBE_96,bc073883f0825c97af93c4a4e36fa1e2-driver-8388939,3686400,5,2560x1440,4
1.3.302,coverage,0.275000005960464,3,38.4370002746582,37.9990005493164,38.4529991149902,37.9179992675781,AMD Radeon(TM) Graphics,0.04999923706060372,integrated_gpu,AMD,0.06900024414063033,7.06099891662598,0.08800220489499821,33.1010007858276,APPROX_KAJIYA_KAY,bc073883f0825c97af93c4a4e36fa1e2-driver-8388939,3686400,5,2560x1440,4
1.3.302,coverage,0.268999993801117,3,30.988000869751,30.9829998016357,31.4710006713867,30.923999786377,AMD Radeon(TM) Graphics,0.0050010681153018766,integrated_gpu,AMD,,,0.026000022888197805,26.0540008544922,CARD_CONTROL,bc073883f0825c97af93c4a4e36fa1e2-driver-8388939,3686400,5,2560x1440,4
1.3.302,coverage,0.273000001907349,3,60.6910018920898,60.5429992675781,61.8569984436035,60.4809989929199,AMD Radeon(TM) Graphics,0.0529975891112997,integrated_gpu,AMD,0.0030002593993998516,29.5599994659424,0.03200054168699751,55.6149997711182,CINEMATIC_MARSCHNER,bc073883f0825c97af93c4a4e36fa1e2-driver-8388939,3686400,5,2560x1440,4
1.3.302,coverage,0.270000010728836,3,45.4780006408691,45.3540000915527,45.9070014953613,45.257999420166,AMD Radeon(TM) Graphics,0.09600067138669743,integrated_gpu,AMD,0.04799842834469992,14.4300003051758,0.08900117874139823,40.456000328064,FAST_MARSCHNER,bc073883f0825c97af93c4a4e36fa1e2-driver-8388939,3686400,5,2560x1440,4
1.3.302,coverage,0.275999993085861,3,52.5559997558594,52.4900016784668,53.7690010070801,52.0019989013672,AMD Radeon(TM) Graphics,0.06599807739260655,integrated_gpu,AMD,0.06599807739259944,21.5020008087158,0.09199810028079725,47.556001663208,LUT_PROBE_16,bc073883f0825c97af93c4a4e36fa1e2-driver-8388939,3686400,5,2560x1440,4
1.3.302,coverage,0.216000005602837,3,4.94099998474121,4.91099977493286,5.32800006866455,4.89799976348877,AMD Radeon(TM) Graphics,0.01300001144409002,integrated_gpu,AMD,,,,,NO_HAIR,bc073883f0825c97af93c4a4e36fa1e2-driver-8388939,3686400,5,2560x1440,4
1.3.302,coverage,0.270000010728836,3,57.3479995727539,57.298999786377,57.939998626709,57.0289993286133,AMD Radeon(TM) Graphics,0.04899978637689628,integrated_gpu,AMD,0.043998718261700986,26.3159999847412,0.030999660491900727,52.3880000114441,REFERENCE_MARSCHNER,bc073883f0825c97af93c4a4e36fa1e2-driver-8388939,3686400,5,2560x1440,4
1.3.302,coverage,0.27700001001358,7,37.2929992675781,37.2369995117188,37.8199996948242,37.2070007324219,AMD Radeon(TM) Graphics,0.029998779296896316,integrated_gpu,AMD,0.02300071716308949,5.32699966430664,0.02699995040900305,31.1399993896484,ALU_PROBE_96,bc073883f0825c97af93c4a4e36fa1e2-driver-8388939,3686400,5,2560x1440,8
1.3.302,coverage,0.275999993085861,7,43.7509994506836,43.6879997253418,44.2120018005371,43.6720008850098,AMD Radeon(TM) Graphics,0.015998840331995723,integrated_gpu,AMD,0.027999877929699934,11.8190002441406,0.022998809814502863,37.5759997367859,APPROX_KAJIYA_KAY,bc073883f0825c97af93c4a4e36fa1e2-driver-8388939,3686400,5,2560x1440,8
1.3.302,coverage,0.277999997138977,7,31.9759998321533,31.9099998474121,32.423999786377,31.8320007324219,AMD Radeon(TM) Graphics,0.06100082397460227,integrated_gpu,AMD,,,0.051001071929899666,25.8129997253418,CARD_CONTROL,bc073883f0825c97af93c4a4e36fa1e2-driver-8388939,3686400,5,2560x1440,8
1.3.302,coverage,0.277999997138977,7,90.2360000610352,89.9940032958984,91.5090026855469,89.1470031738281,AMD Radeon(TM) Graphics,0.24199676513680402,integrated_gpu,AMD,0.17800140380860086,58.0230026245117,0.2519965171813965,83.8870034217834,CINEMATIC_MARSCHNER,bc073883f0825c97af93c4a4e36fa1e2-driver-8388939,3686400,5,2560x1440,8
1.3.302,coverage,0.277999997138977,7,57.5900001525879,57.2789993286133,58.3610000610352,57.2509994506836,AMD Radeon(TM) Graphics,0.02799987792970171,integrated_gpu,AMD,0.09000015258789773,25.3979988098145,0.03899908065800162,51.1719994544983,FAST_MARSCHNER,bc073883f0825c97af93c4a4e36fa1e2-driver-8388939,3686400,5,2560x1440,8
1.3.302,coverage,0.273999989032745,7,53.5460014343262,53.2050018310547,54.2140007019043,53.1590003967285,AMD Radeon(TM) Graphics,0.0460014343262003,integrated_gpu,AMD,0.08899688720699928,21.3360023498535,0.060001373291001414,47.0930018424988,LUT_PROBE_16,bc073883f0825c97af93c4a4e36fa1e2-driver-8388939,3686400,5,2560x1440,8
1.3.302,coverage,0.284000009298325,7,6.12599992752075,6.11199998855591,6.7350001335144,6.09700012207031,AMD Radeon(TM) Graphics,0.006999969482420099,integrated_gpu,AMD,,,,,NO_HAIR,bc073883f0825c97af93c4a4e36fa1e2-driver-8388939,3686400,5,2560x1440,8
1.3.302,coverage,0.273000001907349,7,70.370002746582,69.9240036010742,71.8659973144531,69.6869964599609,AMD Radeon(TM) Graphics,0.21700286865230112,integrated_gpu,AMD,0.09900474548339844,37.9559993743896,0.2310028076172017,63.8120036125183,REFERENCE_MARSCHNER,bc073883f0825c97af93c4a4e36fa1e2-driver-8388939,3686400,5,2560x1440,8
1.4.341,cards,0.0750000029802322,0,0.149000003933907,0.149000003933907,0.152999997138977,0.149000003933907,NVIDIA GeForce RTX 5090,0.0,discrete_gpu,NVIDIA,0.0,0.00200000405311584,0.0,0.0810000002384186,ALU_PROBE_96,51a3388a126ea8d9d02b357f60da313e-driver-2559295488,921600,5,1280x720,1
1.4.341,cards,0.0780000016093254,0,0.150999993085861,0.150000005960464,0.156000003218651,0.150000005960464,NVIDIA GeForce RTX 5090,0.0,discrete_gpu,NVIDIA,0.0,0.00300000607967377,0.0,0.0820000022649765,APPROX_KAJIYA_KAY,51a3388a126ea8d9d02b357f60da313e-driver-2559295488,921600,5,1280x720,1
1.4.341,cards,0.0759999975562096,0,0.146999999880791,0.146999999880791,0.151999995112419,0.146999999880791,NVIDIA GeForce RTX 5090,0.0,discrete_gpu,NVIDIA,,,0.0,0.0789999961853027,CARD_CONTROL,51a3388a126ea8d9d02b357f60da313e-driver-2559295488,921600,5,1280x720,1
1.4.341,cards,0.0769999995827675,0,0.151999995112419,0.151999995112419,0.157000005245209,0.151999995112419,NVIDIA GeForce RTX 5090,0.0,discrete_gpu,NVIDIA,0.0,0.00499999523162842,0.0,0.0839999914169312,CINEMATIC_MARSCHNER,51a3388a126ea8d9d02b357f60da313e-driver-2559295488,921600,5,1280x720,1
1.4.341,cards,0.0759999975562096,0,0.151999995112419,0.150999993085861,0.157000005245209,0.150999993085861,NVIDIA GeForce RTX 5090,0.0,discrete_gpu,NVIDIA,0.0,0.0039999932050705,0.0,0.0829999893903732,FAST_MARSCHNER,51a3388a126ea8d9d02b357f60da313e-driver-2559295488,921600,5,1280x720,1
1.4.341,cards,0.0750000029802322,0,0.168999999761581,0.168999999761581,0.178000003099442,0.167999997735024,NVIDIA GeForce RTX 5090,0.0,discrete_gpu,NVIDIA,0.0,0.0219999998807907,0.0,0.100999996066093,LUT_PROBE_16,51a3388a126ea8d9d02b357f60da313e-driver-2559295488,921600,5,1280x720,1
1.4.341,cards,0.0750000029802322,0,0.068000003695488,0.068000003695488,0.0769999995827675,0.068000003695488,NVIDIA GeForce RTX 5090,0.0,discrete_gpu,NVIDIA,,,,,NO_HAIR,51a3388a126ea8d9d02b357f60da313e-driver-2559295488,921600,5,1280x720,1
1.4.341,cards,0.0769999995827675,0,0.153999999165535,0.153999999165535,0.158999994397163,0.153999999165535,NVIDIA GeForce RTX 5090,0.0,discrete_gpu,NVIDIA,0.0,0.00699999928474426,0.0,0.085999995470047,REFERENCE_MARSCHNER,51a3388a126ea8d9d02b357f60da313e-driver-2559295488,921600,5,1280x720,1
1.4.341,cards,0.0769999995827675,3,0.151999995112419,0.149000003933907,0.155000001192093,0.149000003933907,NVIDIA GeForce RTX 5090,0.0,discrete_gpu,NVIDIA,0.0,0.00200000405311584,0.0,0.0770000070333481,ALU_PROBE_96,51a3388a126ea8d9d02b357f60da313e-driver-2559295488,921600,5,1280x720,4
1.4.341,cards,0.0769999995827675,3,0.151999995112419,0.151999995112419,0.157000005245209,0.151999995112419,NVIDIA GeForce RTX 5090,0.0,discrete_gpu,NVIDIA,0.0,0.00499999523162842,0.0,0.0799999982118607,APPROX_KAJIYA_KAY,51a3388a126ea8d9d02b357f60da313e-driver-2559295488,921600,5,1280x720,4
1.4.341,cards,0.0759999975562096,3,0.148000001907349,0.146999999880791,0.150000005960464,0.146999999880791,NVIDIA GeForce RTX 5090,0.0,discrete_gpu,NVIDIA,,,0.0,0.0750000029802322,CARD_CONTROL,51a3388a126ea8d9d02b357f60da313e-driver-2559295488,921600,5,1280x720,4
1.4.341,cards,0.0769999995827675,3,0.165999993681908,0.165999993681908,0.17399999499321,0.165000006556511,NVIDIA GeForce RTX 5090,0.0,discrete_gpu,NVIDIA,1.490116120078655e-08,0.0180000066757202,0.0,0.0939999967813492,CINEMATIC_MARSCHNER,51a3388a126ea8d9d02b357f60da313e-driver-2559295488,921600,5,1280x720,4
1.4.341,cards,0.0769999995827675,3,0.153999999165535,0.153999999165535,0.159999996423721,0.153999999165535,NVIDIA GeForce RTX 5090,0.0,discrete_gpu,NVIDIA,0.0,0.00699999928474426,0.0,0.0820000022649765,FAST_MARSCHNER,51a3388a126ea8d9d02b357f60da313e-driver-2559295488,921600,5,1280x720,4
1.4.341,cards,0.0769999995827675,3,0.168999999761581,0.168999999761581,0.175999999046326,0.168999999761581,NVIDIA GeForce RTX 5090,0.0,discrete_gpu,NVIDIA,0.0,0.0219999998807907,0.0,0.0970000028610229,LUT_PROBE_16,51a3388a126ea8d9d02b357f60da313e-driver-2559295488,921600,5,1280x720,4
1.4.341,cards,0.0700000002980232,3,0.0719999969005585,0.0719999969005585,0.0750000029802322,0.0719999969005585,NVIDIA GeForce RTX 5090,0.0,discrete_gpu,NVIDIA,,,,,NO_HAIR,51a3388a126ea8d9d02b357f60da313e-driver-2559295488,921600,5,1280x720,4
1.4.341,cards,0.0769999995827675,3,0.157000005245209,0.157000005245209,0.160999998450279,0.156000003218651,NVIDIA GeForce RTX 5090,0.0,discrete_gpu,NVIDIA,0.0,0.010000005364418,0.0,0.0850000083446503,REFERENCE_MARSCHNER,51a3388a126ea8d9d02b357f60da313e-driver-2559295488,921600,5,1280x720,4
1.4.341,cards,0.0769999995827675,7,0.150000005960464,0.149000003933907,0.153999999165535,0.149000003933907,NVIDIA GeForce RTX 5090,0.0,discrete_gpu,NVIDIA,0.00100000202655792,0.00200000405311584,0.0,0.0720000043511391,ALU_PROBE_96,51a3388a126ea8d9d02b357f60da313e-driver-2559295488,921600,5,1280x720,8
1.4.341,cards,0.0780000016093254,7,0.156000003218651,0.156000003218651,0.166999995708466,0.155000001192093,NVIDIA GeForce RTX 5090,0.0,discrete_gpu,NVIDIA,0.001000002026557919,0.00800000131130219,0.0,0.0780000016093254,APPROX_KAJIYA_KAY,51a3388a126ea8d9d02b357f60da313e-driver-2559295488,921600,5,1280x720,8
1.4.341,cards,0.0769999995827675,7,0.148000001907349,0.146999999880791,0.152999997138977,0.146999999880791,NVIDIA GeForce RTX 5090,0.0,discrete_gpu,NVIDIA,,,0.0010000020265578946,0.0700000002980232,CARD_CONTROL,51a3388a126ea8d9d02b357f60da313e-driver-2559295488,921600,5,1280x720,8
1.4.341,cards,0.0769999995827675,7,0.200000002980232,0.199000000953674,0.211999997496605,0.199000000953674,NVIDIA GeForce RTX 5090,0.0,discrete_gpu,NVIDIA,0.0,0.0520000010728836,0.0010000020265579918,0.122000001370907,CINEMATIC_MARSCHNER,51a3388a126ea8d9d02b357f60da313e-driver-2559295488,921600,5,1280x720,8
1.4.341,cards,0.0769999995827675,7,0.165000006556511,0.165000006556511,0.178000003099442,0.164000004529953,NVIDIA GeForce RTX 5090,0.0,discrete_gpu,NVIDIA,0.001000002026557898,0.0170000046491623,0.0,0.0870000049471855,FAST_MARSCHNER,51a3388a126ea8d9d02b357f60da313e-driver-2559295488,921600,5,1280x720,8
1.4.341,cards,0.0780000016093254,7,0.172000005841255,0.171000003814697,0.180999994277954,0.171000003814697,NVIDIA GeForce RTX 5090,0.0,discrete_gpu,NVIDIA,0.0,0.0240000039339066,0.0,0.0930000022053719,LUT_PROBE_16,51a3388a126ea8d9d02b357f60da313e-driver-2559295488,921600,5,1280x720,8
1.4.341,cards,0.0670000016689301,7,0.0780000016093254,0.0780000016093254,0.0890000015497208,0.0769999995827675,NVIDIA GeForce RTX 5090,0.0,discrete_gpu,NVIDIA,,,,,NO_HAIR,51a3388a126ea8d9d02b357f60da313e-driver-2559295488,921600,5,1280x720,8
1.4.341,cards,0.0769999995827675,7,0.166999995708466,0.165999993681908,0.17399999499321,0.165999993681908,NVIDIA GeForce RTX 5090,0.0,discrete_gpu,NVIDIA,0.0010000020265579015,0.0189999938011169,0.0,0.0889999940991402,REFERENCE_MARSCHNER,51a3388a126ea8d9d02b357f60da313e-driver-2559295488,921600,5,1280x720,8
1.4.341,coverage,0.0750000029802322,0,0.156000003218651,0.156000003218651,0.165000006556511,0.156000003218651,NVIDIA GeForce RTX 5090,0.0,discrete_gpu,NVIDIA,0.0,0.00400000810623169,0.0,0.0879999995231628,ALU_PROBE_96,51a3388a126ea8d9d02b357f60da313e-driver-2559295488,921600,5,1280x720,1
1.4.341,coverage,0.0759999975562096,0,0.157000005245209,0.157000005245209,0.166999995708466,0.157000005245209,NVIDIA GeForce RTX 5090,0.0,discrete_gpu,NVIDIA,0.0,0.00500001013278961,0.0,0.0890000015497208,APPROX_KAJIYA_KAY,51a3388a126ea8d9d02b357f60da313e-driver-2559295488,921600,5,1280x720,1
1.4.341,coverage,0.0769999995827675,0,0.152999997138977,0.151999995112419,0.159999996423721,0.151999995112419,NVIDIA GeForce RTX 5090,0.0,discrete_gpu,NVIDIA,,,0.0,0.0839999914169312,CARD_CONTROL,51a3388a126ea8d9d02b357f60da313e-driver-2559295488,921600,5,1280x720,1
1.4.341,coverage,0.0780000016093254,0,0.165999993681908,0.165999993681908,0.175999999046326,0.165000006556511,NVIDIA GeForce RTX 5090,0.0,discrete_gpu,NVIDIA,1.490116120078655e-08,0.0130000114440918,0.0,0.0979999899864197,CINEMATIC_MARSCHNER,51a3388a126ea8d9d02b357f60da313e-driver-2559295488,921600,5,1280x720,1
1.4.341,coverage,0.0759999975562096,0,0.163000002503395,0.163000002503395,0.172999992966652,0.163000002503395,NVIDIA GeForce RTX 5090,0.0,discrete_gpu,NVIDIA,0.0,0.011000007390976,0.0,0.0949999988079071,FAST_MARSCHNER,51a3388a126ea8d9d02b357f60da313e-driver-2559295488,921600,5,1280x720,1
1.4.341,coverage,0.0769999995827675,0,0.217999994754791,0.216999992728233,0.231000006198883,0.215000003576279,NVIDIA GeForce RTX 5090,0.0,discrete_gpu,NVIDIA,0.0,0.0649999976158142,0.0,0.148999989032745,LUT_PROBE_16,51a3388a126ea8d9d02b357f60da313e-driver-2559295488,921600,5,1280x720,1
1.4.341,coverage,0.0729999989271164,0,0.068000003695488,0.068000003695488,0.0750000029802322,0.068000003695488,NVIDIA GeForce RTX 5090,0.0,discrete_gpu,NVIDIA,,,,,NO_HAIR,51a3388a126ea8d9d02b357f60da313e-driver-2559295488,921600,5,1280x720,1
1.4.341,coverage,0.0769999995827675,0,0.180000007152557,0.180000007152557,0.193000003695488,0.180000007152557,NVIDIA GeForce RTX 5090,0.0,discrete_gpu,NVIDIA,0.0,0.0280000120401382,0.0,0.112000003457069,REFERENCE_MARSCHNER,51a3388a126ea8d9d02b357f60da313e-driver-2559295488,921600,5,1280x720,1
1.4.341,coverage,0.0769999995827675,3,0.158999994397163,0.158999994397163,0.172000005841255,0.158000007271767,NVIDIA GeForce RTX 5090,0.0,discrete_gpu,NVIDIA,0.0,0.0039999932050705,0.0009999945759772977,0.0869999974966049,ALU_PROBE_96,51a3388a126ea8d9d02b357f60da313e-driver-2559295488,921600,5,1280x720,4
1.4.341,coverage,0.0759999975562096,3,0.166999995708466,0.165999993681908,0.179000005125999,0.165999993681908,NVIDIA GeForce RTX 5090,0.0,discrete_gpu,NVIDIA,0.0,0.0109999924898148,7.450580610801616e-09,0.0949999913573265,APPROX_KAJIYA_KAY,51a3388a126ea8d9d02b357f60da313e-driver-2559295488,921600,5,1280x720,4
1.4.341,coverage,0.0769999995827675,3,0.155000001192093,0.155000001192093,0.168999999761581,0.155000001192093,NVIDIA GeForce RTX 5090,0.0,discrete_gpu,NVIDIA,,,0.0009999945759772977,0.0830000042915344,CARD_CONTROL,51a3388a126ea8d9d02b357f60da313e-driver-2559295488,921600,5,1280x720,4
1.4.341,coverage,0.0769999995827675,3,0.207000002264977,0.207000002264977,0.222000002861023,0.206000000238419,NVIDIA GeForce RTX 5090,0.0,discrete_gpu,NVIDIA,0.0,0.0520000010728836,0.0009999945759769924,0.135000005364418,CINEMATIC_MARSCHNER,51a3388a126ea8d9d02b357f60da313e-driver-2559295488,921600,5,1280x720,4
1.4.341,coverage,0.0769999995827675,3,0.175999999046326,0.174999997019768,0.187999993562698,0.174999997019768,NVIDIA GeForce RTX 5090,0.0,discrete_gpu,NVIDIA,0.0,0.0199999958276749,7.450580000178952e-09,0.103999994695187,FAST_MARSCHNER,51a3388a126ea8d9d02b357f60da313e-driver-2559295488,921600,5,1280x720,4
1.4.341,coverage,0.0769999995827675,3,0.219999998807907,0.219999998807907,0.23199999332428,0.218999996781349,NVIDIA GeForce RTX 5090,0.0,discrete_gpu,NVIDIA,0.0,0.0649999976158142,0.0009999945759770201,0.148000001907349,LUT_PROBE_16,51a3388a126ea8d9d02b357f60da313e-driver-2559295488,921600,5,1280x720,4
1.4.341,coverage,0.0659999996423721,3,0.0729999989271164,0.0719999969005585,0.0769999995827675,0.0710000023245811,NVIDIA GeForce RTX 5090,0.0009999945759773948,discrete_gpu,NVIDIA,,,,,NO_HAIR,51a3388a126ea8d9d02b357f60da313e-driver-2559295488,921600,5,1280x720,4
1.4.341,coverage,0.0759999975562096,3,0.199000000953674,0.199000000953674,0.214000001549721,0.199000000953674,NVIDIA GeForce RTX 5090,0.0,discrete_gpu,NVIDIA,0.0,0.0439999997615814,0.0009999945759769924,0.127000004053116,REFERENCE_MARSCHNER,51a3388a126ea8d9d02b357f60da313e-driver-2559295488,921600,5,1280x720,4
1.4.341,coverage,0.0769999995827675,7,0.163000002503395,0.162000000476837,0.168999999761581,0.162000000476837,NVIDIA GeForce RTX 5090,0.0,discrete_gpu,NVIDIA,1.490116119037821e-08,0.0039999932050705,0.0,0.0850000008940697,ALU_PROBE_96,51a3388a126ea8d9d02b357f60da313e-driver-2559295488,921600,5,1280x720,8
1.4.341,coverage,0.0769999995827675,7,0.185000002384186,0.185000002384186,0.193000003695488,0.185000002384186,NVIDIA GeForce RTX 5090,0.0,discrete_gpu,NVIDIA,0.0,0.0260000079870224,0.0,0.108000002801418,APPROX_KAJIYA_KAY,51a3388a126ea8d9d02b357f60da313e-driver-2559295488,921600,5,1280x720,8
1.4.341,coverage,0.0759999975562096,7,0.158999994397163,0.158999994397163,0.170000001788139,0.158000007271767,NVIDIA GeForce RTX 5090,0.0,discrete_gpu,NVIDIA,,,0.0,0.0819999948143959,CARD_CONTROL,51a3388a126ea8d9d02b357f60da313e-driver-2559295488,921600,5,1280x720,8
1.4.341,coverage,0.0790000036358833,7,0.263000011444092,0.261999994516373,0.282000005245209,0.261999994516373,NVIDIA GeForce RTX 5090,0.0,discrete_gpu,NVIDIA,2.9802321999117254e-08,0.103999987244606,0.0010000020265580056,0.184999994933605,CINEMATIC_MARSCHNER,51a3388a126ea8d9d02b357f60da313e-driver-2559295488,921600,5,1280x720,8
1.4.341,coverage,0.0780000016093254,7,0.20100000500679,0.200000002980232,0.209999993443489,0.200000002980232,NVIDIA GeForce RTX 5090,0.0,discrete_gpu,NVIDIA,0.0,0.0410000085830688,0.0,0.123000003397465,FAST_MARSCHNER,51a3388a126ea8d9d02b357f60da313e-driver-2559295488,921600,5,1280x720,8
1.4.341,coverage,0.0780000016093254,7,0.223000004887581,0.222000002861023,0.232999995350838,0.218999996781349,NVIDIA GeForce RTX 5090,0.0,discrete_gpu,NVIDIA,0.0009999871253967008,0.0630000084638596,0.0,0.145000003278255,LUT_PROBE_16,51a3388a126ea8d9d02b357f60da313e-driver-2559295488,921600,5,1280x720,8
1.4.341,coverage,0.0710000023245811,7,0.0780000016093254,0.0769999995827675,0.0829999968409538,0.0769999995827675,NVIDIA GeForce RTX 5090,0.0,discrete_gpu,NVIDIA,,,,,NO_HAIR,51a3388a126ea8d9d02b357f60da313e-driver-2559295488,921600,5,1280x720,8
1.4.341,coverage,0.0769999995827675,7,0.231000006198883,0.230000004172325,0.238999992609024,0.229000002145767,NVIDIA GeForce RTX 5090,0.0,discrete_gpu,NVIDIA,0.000999987125396798,0.0710000097751617,0.0,0.153000004589558,REFERENCE_MARSCHNER,51a3388a126ea8d9d02b357f60da313e-driver-2559295488,921600,5,1280x720,8
1.4.341,cards,0.0759999975562096,0,0.189999997615814,0.189999997615814,0.202000007033348,0.189999997615814,NVIDIA GeForce RTX 5090,0.0,discrete_gpu,NVIDIA,0.0,0.00299999117851257,0.0,0.110999993979931,ALU_PROBE_96,51a3388a126ea8d9d02b357f60da313e-driver-2559295488,2073600,5,1920x1080,1
1.4.341,cards,0.0759999975562096,0,0.190999999642372,0.190999999642372,0.203999996185303,0.190999999642372,NVIDIA GeForce RTX 5090,0.0,discrete_gpu,NVIDIA,0.0,0.0039999932050705,0.0,0.111999996006489,APPROX_KAJIYA_KAY,51a3388a126ea8d9d02b357f60da313e-driver-2559295488,2073600,5,1920x1080,1
1.4.341,cards,0.0759999975562096,0,0.187000006437302,0.187000006437302,0.199000000953674,0.187000006437302,NVIDIA GeForce RTX 5090,0.0,discrete_gpu,NVIDIA,,,0.0,0.108000002801418,CARD_CONTROL,51a3388a126ea8d9d02b357f60da313e-driver-2559295488,2073600,5,1920x1080,1
1.4.341,cards,0.0769999995827675,0,0.193000003695488,0.193000003695488,0.207000002264977,0.19200000166893,NVIDIA GeForce RTX 5090,0.0,discrete_gpu,NVIDIA,0.0,0.00599999725818634,0.0,0.114000000059605,CINEMATIC_MARSCHNER,51a3388a126ea8d9d02b357f60da313e-driver-2559295488,2073600,5,1920x1080,1
1.4.341,cards,0.0759999975562096,0,0.193000003695488,0.19200000166893,0.206000000238419,0.19200000166893,NVIDIA GeForce RTX 5090,0.0,discrete_gpu,NVIDIA,0.0,0.00499999523162842,0.0,0.112999998033047,FAST_MARSCHNER,51a3388a126ea8d9d02b357f60da313e-driver-2559295488,2073600,5,1920x1080,1
1.4.341,cards,0.0759999975562096,0,0.223000004887581,0.222000002861023,0.238999992609024,0.222000002861023,NVIDIA GeForce RTX 5090,0.0,discrete_gpu,NVIDIA,0.0,0.0349999964237213,0.0,0.14299999922514,LUT_PROBE_16,51a3388a126ea8d9d02b357f60da313e-driver-2559295488,2073600,5,1920x1080,1
1.4.341,cards,0.0670000016689301,0,0.0790000036358833,0.0790000036358833,0.0879999995231628,0.0790000036358833,NVIDIA GeForce RTX 5090,0.0,discrete_gpu,NVIDIA,,,,,NO_HAIR,51a3388a126ea8d9d02b357f60da313e-driver-2559295488,2073600,5,1920x1080,1
1.4.341,cards,0.0759999975562096,0,0.196999996900558,0.196999996900558,0.208000004291534,0.196999996900558,NVIDIA GeForce RTX 5090,0.0,discrete_gpu,NVIDIA,0.0,0.00999999046325684,0.0,0.117999993264675,REFERENCE_MARSCHNER,51a3388a126ea8d9d02b357f60da313e-driver-2559295488,2073600,5,1920x1080,1
1.4.341,cards,0.0759999975562096,3,0.19200000166893,0.19200000166893,0.208000004291534,0.19200000166893,NVIDIA GeForce RTX 5090,0.0,discrete_gpu,NVIDIA,0.0,0.00300000607967377,0.0,0.108000002801418,ALU_PROBE_96,51a3388a126ea8d9d02b357f60da313e-driver-2559295488,2073600,5,1920x1080,4
1.4.341,cards,0.0790000036358833,3,0.195999994874001,0.194999992847443,0.210999995470047,0.194999992847443,NVIDIA GeForce RTX 5090,0.0,discrete_gpu,NVIDIA,0.0,0.00599999725818634,0.0,0.110999993979931,APPROX_KAJIYA_KAY,51a3388a126ea8d9d02b357f60da313e-driver-2559295488,2073600,5,1920x1080,4
1.4.341,cards,0.0759999975562096,3,0.188999995589256,0.188999995589256,0.206000000238419,0.188999995589256,NVIDIA GeForce RTX 5090,0.0,discrete_gpu,NVIDIA,,,0.0,0.104999996721745,CARD_CONTROL,51a3388a126ea8d9d02b357f60da313e-driver-2559295488,2073600,5,1920x1080,4
1.4.341,cards,0.0790000036358833,3,0.229000002145767,0.229000002145767,0.246999993920326,0.229000002145767,NVIDIA GeForce RTX 5090,0.0,discrete_gpu,NVIDIA,0.0,0.0400000065565109,0.0,0.145000003278255,CINEMATIC_MARSCHNER,51a3388a126ea8d9d02b357f60da313e-driver-2559295488,2073600,5,1920x1080,4
1.4.341,cards,0.0780000016093254,3,0.197999998927116,0.197999998927116,0.215000003576279,0.197999998927116,NVIDIA GeForce RTX 5090,0.0,discrete_gpu,NVIDIA,0.0,0.00900000333786011,0.0,0.114000000059605,FAST_MARSCHNER,51a3388a126ea8d9d02b357f60da313e-driver-2559295488,2073600,5,1920x1080,4
1.4.341,cards,0.0790000036358833,3,0.225999996066093,0.224999994039536,0.238000005483627,0.224000006914139,NVIDIA GeForce RTX 5090,0.000999987125397006,discrete_gpu,NVIDIA,0.0009999871253967008,0.0359999984502792,1.4901160999558627e-08,0.140000008046627,LUT_PROBE_16,51a3388a126ea8d9d02b357f60da313e-driver-2559295488,2073600,5,1920x1080,4
1.4.341,cards,0.0740000009536743,3,0.0850000008940697,0.0839999988675117,0.0989999994635582,0.0839999988675117,NVIDIA GeForce RTX 5090,0.0,discrete_gpu,NVIDIA,,,,,NO_HAIR,51a3388a126ea8d9d02b357f60da313e-driver-2559295488,2073600,5,1920x1080,4
1.4.341,cards,0.0790000036358833,3,0.203999996185303,0.203999996185303,0.216999992728233,0.202999994158745,NVIDIA GeForce RTX 5090,0.0,discrete_gpu,NVIDIA,0.0,0.0150000005960464,0.0,0.118999995291233,REFERENCE_MARSCHNER,51a3388a126ea8d9d02b357f60da313e-driver-2559295488,2073600,5,1920x1080,4
1.4.341,cards,0.0810000002384186,7,0.194000005722046,0.194000005722046,0.215000003576279,0.194000005722046,NVIDIA GeForce RTX 5090,0.0,discrete_gpu,NVIDIA,0.0,0.00300000607967377,0.0,0.102000005543232,ALU_PROBE_96,51a3388a126ea8d9d02b357f60da313e-driver-2559295488,2073600,5,1920x1080,8
1.4.341,cards,0.0839999988675117,7,0.209999993443489,0.209000006318092,0.236000001430511,0.209000006318092,NVIDIA GeForce RTX 5090,0.0,discrete_gpu,NVIDIA,0.0,0.0180000066757202,0.0,0.117000006139278,APPROX_KAJIYA_KAY,51a3388a126ea8d9d02b357f60da313e-driver-2559295488,2073600,5,1920x1080,8
1.4.341,cards,0.0799999982118607,7,0.190999999642372,0.190999999642372,0.209999993443489,0.190999999642372,NVIDIA GeForce RTX 5090,0.0,discrete_gpu,NVIDIA,,,0.0,0.0989999994635582,CARD_CONTROL,51a3388a126ea8d9d02b357f60da313e-driver-2559295488,2073600,5,1920x1080,8
1.4.341,cards,0.0790000036358833,7,0.282999992370605,0.282999992370605,0.310000002384186,0.282000005245209,NVIDIA GeForce RTX 5090,0.0,discrete_gpu,NVIDIA,0.0,0.0919999927282333,0.0,0.190999992191792,CINEMATIC_MARSCHNER,51a3388a126ea8d9d02b357f60da313e-driver-2559295488,2073600,5,1920x1080,8
1.4.341,cards,0.0810000002384186,7,0.225999996066093,0.224999994039536,0.245000004768372,0.224999994039536,NVIDIA GeForce RTX 5090,0.0,discrete_gpu,NVIDIA,0.0,0.0339999943971634,0.0,0.132999993860722,FAST_MARSCHNER,51a3388a126ea8d9d02b357f60da313e-driver-2559295488,2073600,5,1920x1080,8
1.4.341,cards,0.0829999968409538,7,0.226999998092651,0.226999998092651,0.252999991178513,0.226999998092651,NVIDIA GeForce RTX 5090,0.0,discrete_gpu,NVIDIA,0.0,0.0359999984502792,0.0,0.134999997913837,LUT_PROBE_16,51a3388a126ea8d9d02b357f60da313e-driver-2559295488,2073600,5,1920x1080,8
1.4.341,cards,0.0780000016093254,7,0.0930000022053719,0.0920000001788139,0.109999999403954,0.0920000001788139,NVIDIA GeForce RTX 5090,0.0,discrete_gpu,NVIDIA,,,,,NO_HAIR,51a3388a126ea8d9d02b357f60da313e-driver-2559295488,2073600,5,1920x1080,8
1.4.341,cards,0.0790000036358833,7,0.231000006198883,0.231000006198883,0.247999995946884,0.230000004172325,NVIDIA GeForce RTX 5090,0.0,discrete_gpu,NVIDIA,0.0,0.0400000065565109,0.0,0.139000006020069,REFERENCE_MARSCHNER,51a3388a126ea8d9d02b357f60da313e-driver-2559295488,2073600,5,1920x1080,8
1.4.341,coverage,0.0780000016093254,0,0.219999998807907,0.216000005602837,0.228000000119209,0.215000003576279,NVIDIA GeForce RTX 5090,0.0,discrete_gpu,NVIDIA,0.0010000020265579015,0.0180000066757202,0.0,0.137000001966953,ALU_PROBE_96,51a3388a126ea8d9d02b357f60da313e-driver-2559295488,2073600,5,1920x1080,1
1.4.341,coverage,0.0769999995827675,0,0.209000006318092,0.208000004291534,0.224000006914139,0.208000004291534,NVIDIA GeForce RTX 5090,0.0,discrete_gpu,NVIDIA,0.0,0.010000005364418,0.0,0.129000000655651,APPROX_KAJIYA_KAY,51a3388a126ea8d9d02b357f60da313e-driver-2559295488,2073600,5,1920x1080,1
1.4.341,coverage,0.0759999975562096,0,0.199000000953674,0.197999998927116,0.208000004291534,0.197999998927116,NVIDIA GeForce RTX 5090,0.0,discrete_gpu,NVIDIA,,,0.0,0.118999995291233,CARD_CONTROL,51a3388a126ea8d9d02b357f60da313e-driver-2559295488,2073600,5,1920x1080,1
1.4.341,coverage,0.0780000016093254,0,0.236000001430511,0.233999997377396,0.256000012159348,0.233999997377396,NVIDIA GeForce RTX 5090,0.0,discrete_gpu,NVIDIA,0.0010000020265579015,0.0359999984502792,0.0,0.154999993741512,CINEMATIC_MARSCHNER,51a3388a126ea8d9d02b357f60da313e-driver-2559295488,2073600,5,1920x1080,1
1.4.341,coverage,0.0759999975562096,0,0.225999996066093,0.224999994039536,0.244000002741814,0.224000006914139,NVIDIA GeForce RTX 5090,0.000999987125397006,discrete_gpu,NVIDIA,1.490116120078655e-08,0.0260000079870224,7.450581013257462e-09,0.145999990403652,FAST_MARSCHNER,51a3388a126ea8d9d02b357f60da313e-driver-2559295488,2073600,5,1920x1080,1
1.4.341,coverage,0.0780000016093254,0,0.316000014543533,0.316000014543533,0.53600001335144,0.314000010490417,NVIDIA GeForce RTX 5090,0.0,discrete_gpu,NVIDIA,0.0,0.118000015616417,0.0,0.23700001090765,LUT_PROBE_16,51a3388a126ea8d9d02b357f60da313e-driver-2559295488,2073600,5,1920x1080,1
1.4.341,coverage,0.0740000009536743,0,0.0799999982118607,0.0790000036358833,0.0829999968409538,0.0790000036358833,NVIDIA GeForce RTX 5090,0.0,discrete_gpu,NVIDIA,,,,,NO_HAIR,51a3388a126ea8d9d02b357f60da313e-driver-2559295488,2073600,5,1920x1080,1
1.4.341,coverage,0.0780000016093254,0,0.254999995231628,0.254000008106232,0.27700001001358,0.252999991178513,NVIDIA GeForce RTX 5090,0.0009999871253959514,discrete_gpu,NVIDIA,1.490116120078655e-08,0.0559999942779541,0.0009999945759769924,0.174999997019768,REFERENCE_MARSCHNER,51a3388a126ea8d9d02b357f60da313e-driver-2559295488,2073600,5,1920x1080,1
1.4.341,coverage,0.0790000036358833,3,0.219999998807907,0.218999996781349,0.238000005483627,0.218999996781349,NVIDIA GeForce RTX 5090,0.0,discrete_gpu,NVIDIA,0.0,0.0169999897480011,0.0,0.13399999588728,ALU_PROBE_96,51a3388a126ea8d9d02b357f60da313e-driver-2559295488,2073600,5,1920x1080,4
1.4.341,coverage,0.0769999995827675,3,0.234999999403954,0.233999997377396,0.254000008106232,0.233999997377396,NVIDIA GeForce RTX 5090,0.0,discrete_gpu,NVIDIA,0.0,0.0319999903440475,0.0,0.148999996483326,APPROX_KAJIYA_KAY,51a3388a126ea8d9d02b357f60da313e-driver-2559295488,2073600,5,1920x1080,4
1.4.341,coverage,0.0790000036358833,3,0.202000007033348,0.202000007033348,0.219999998807907,0.202000007033348,NVIDIA GeForce RTX 5090,0.0,discrete_gpu,NVIDIA,,,0.0,0.117000006139278,CARD_CONTROL,51a3388a126ea8d9d02b357f60da313e-driver-2559295488,2073600,5,1920x1080,4
1.4.341,coverage,0.0790000036358833,3,0.314000010490417,0.314000010490417,0.340000003576279,0.312999993562698,NVIDIA GeForce RTX 5090,0.0,discrete_gpu,NVIDIA,0.0,0.112000003457069,0.0,0.229000009596348,CINEMATIC_MARSCHNER,51a3388a126ea8d9d02b357f60da313e-driver-2559295488,2073600,5,1920x1080,4
1.4.341,coverage,0.0790000036358833,3,0.252000004053116,0.250999987125397,0.273999989032745,0.25,NVIDIA GeForce RTX 5090,0.0,discrete_gpu,NVIDIA,0.0,0.0489999800920486,0.0,0.165999986231327,FAST_MARSCHNER,51a3388a126ea8d9d02b357f60da313e-driver-2559295488,2073600,5,1920x1080,4
1.4.341,coverage,0.0810000002384186,3,0.319000005722046,0.319000005722046,0.527999997138977,0.314999997615814,NVIDIA GeForce RTX 5090,0.0,discrete_gpu,NVIDIA,0.0,0.116999998688698,0.0,0.234000004827976,LUT_PROBE_16,51a3388a126ea8d9d02b357f60da313e-driver-2559295488,2073600,5,1920x1080,4
1.4.341,coverage,0.0780000016093254,3,0.0850000008940697,0.0850000008940697,0.0949999988079071,0.0850000008940697,NVIDIA GeForce RTX 5090,0.0,discrete_gpu,NVIDIA,,,,,NO_HAIR,51a3388a126ea8d9d02b357f60da313e-driver-2559295488,2073600,5,1920x1080,4
1.4.341,coverage,0.0769999995827675,3,0.296000003814697,0.296000003814697,0.317999988794327,0.294999986886978,NVIDIA GeForce RTX 5090,0.0,discrete_gpu,NVIDIA,0.0,0.0939999967813492,0.0,0.211000002920628,REFERENCE_MARSCHNER,51a3388a126ea8d9d02b357f60da313e-driver-2559295488,2073600,5,1920x1080,4
1.4.341,coverage,0.0829999968409538,7,0.224000006914139,0.224000006914139,0.24600000679493,0.224000006914139,NVIDIA GeForce RTX 5090,0.0,discrete_gpu,NVIDIA,0.0,0.0160000026226044,0.0,0.132000006735325,ALU_PROBE_96,51a3388a126ea8d9d02b357f60da313e-driver-2559295488,2073600,5,1920x1080,8
1.4.341,coverage,0.0839999988675117,7,0.270999997854233,0.270999997854233,0.291999995708466,0.270000010728836,NVIDIA GeForce RTX 5090,0.0,discrete_gpu,NVIDIA,0.0,0.0629999935626984,0.0,0.178999997675419,APPROX_KAJIYA_KAY,51a3388a126ea8d9d02b357f60da313e-driver-2559295488,2073600,5,1920x1080,8
1.4.341,coverage,0.0799999982118607,7,0.208000004291534,0.208000004291534,0.226999998092651,0.208000004291534,NVIDIA GeForce RTX 5090,0.0,discrete_gpu,NVIDIA,,,0.0,0.11600000411272,CARD_CONTROL,51a3388a126ea8d9d02b357f60da313e-driver-2559295488,2073600,5,1920x1080,8
1.4.341,coverage,0.0799999982118607,7,0.42399999499321,0.423000007867813,0.662999987602234,0.421000003814697,NVIDIA GeForce RTX 5090,0.000999987125397006,discrete_gpu,NVIDIA,0.0009999871253960069,0.215000003576279,0.000999987125397006,0.331000007688999,CINEMATIC_MARSCHNER,51a3388a126ea8d9d02b357f60da313e-driver-2559295488,2073600,5,1920x1080,8
1.4.341,coverage,0.0810000002384186,7,0.300999999046326,0.300000011920929,0.326999992132187,0.300000011920929,NVIDIA GeForce RTX 5090,0.0,discrete_gpu,NVIDIA,0.0,0.0920000076293945,0.0,0.208000011742115,FAST_MARSCHNER,51a3388a126ea8d9d02b357f60da313e-driver-2559295488,2073600,5,1920x1080,8
1.4.341,coverage,0.0829999968409538,7,0.323000013828278,0.323000013828278,0.351999998092651,0.319000005722046,NVIDIA GeForce RTX 5090,0.0,discrete_gpu,NVIDIA,0.0,0.115000009536743,0.0,0.231000013649464,LUT_PROBE_16,51a3388a126ea8d9d02b357f60da313e-driver-2559295488,2073600,5,1920x1080,8
1.4.341,coverage,0.0759999975562096,7,0.0920000001788139,0.0920000001788139,0.101000003516674,0.0920000001788139,NVIDIA GeForce RTX 5090,0.0,discrete_gpu,NVIDIA,,,,,NO_HAIR,51a3388a126ea8d9d02b357f60da313e-driver-2559295488,2073600,5,1920x1080,8
1.4.341,coverage,0.0820000022649765,7,0.358000010251999,0.35699999332428,0.583000004291534,0.356000006198883,NVIDIA GeForce RTX 5090,0.0,discrete_gpu,NVIDIA,0.0,0.148999989032745,0.0,0.264999993145466,REFERENCE_MARSCHNER,51a3388a126ea8d9d02b357f60da313e-driver-2559295488,2073600,5,1920x1080,8
1.4.341,cards,0.0799999982118607,0,0.237000003457069,0.236000001430511,0.252000004053116,0.234999999403954,NVIDIA GeForce RTX 5090,0.0,discrete_gpu,NVIDIA,0.0,0.00400000810623169,0.0,0.138999998569489,ALU_PROBE_96,51a3388a126ea8d9d02b357f60da313e-driver-2559295488,3686400,5,2560x1440,1
1.4.341,cards,0.0820000022649765,0,0.238000005483627,0.237000003457069,0.254999995231628,0.236000001430511,NVIDIA GeForce RTX 5090,0.0,discrete_gpu,NVIDIA,0.0,0.00500001013278961,0.0,0.140000000596046,APPROX_KAJIYA_KAY,51a3388a126ea8d9d02b357f60da313e-driver-2559295488,3686400,5,2560x1440,1
1.4.341,cards,0.0790000036358833,0,0.232999995350838,0.23199999332428,0.250999987125397,0.23199999332428,NVIDIA GeForce RTX 5090,0.0,discrete_gpu,NVIDIA,,,0.0,0.134999990463257,CARD_CONTROL,51a3388a126ea8d9d02b357f60da313e-driver-2559295488,3686400,5,2560x1440,1
1.4.341,cards,0.0810000002384186,0,0.239999994635582,0.238999992609024,0.25900000333786,0.238000005483627,NVIDIA GeForce RTX 5090,0.0,discrete_gpu,NVIDIA,0.0,0.00699999928474426,0.0,0.141999989748001,CINEMATIC_MARSCHNER,51a3388a126ea8d9d02b357f60da313e-driver-2559295488,3686400,5,2560x1440,1
1.4.341,cards,0.0820000022649765,0,0.244000002741814,0.241999998688698,0.259999990463257,0.24099999666214,NVIDIA GeForce RTX 5090,0.0,discrete_gpu,NVIDIA,0.0,0.010000005364418,0.0,0.144999995827675,FAST_MARSCHNER,51a3388a126ea8d9d02b357f60da313e-driver-2559295488,3686400,5,2560x1440,1
1.4.341,cards,0.0829999968409538,0,0.287000000476837,0.284999996423721,0.305999994277954,0.284000009298325,NVIDIA GeForce RTX 5090,0.0,discrete_gpu,NVIDIA,0.0009999871253967008,0.0530000030994415,0.0,0.187999993562698,LUT_PROBE_16,51a3388a126ea8d9d02b357f60da313e-driver-2559295488,3686400,5,2560x1440,1
1.4.341,cards,0.0769999995827675,0,0.0970000028610229,0.0970000028610229,0.112000003457069,0.096000000834465,NVIDIA GeForce RTX 5090,0.0,discrete_gpu,NVIDIA,,,,,NO_HAIR,51a3388a126ea8d9d02b357f60da313e-driver-2559295488,3686400,5,2560x1440,1
1.4.341,cards,0.0810000002384186,0,0.24600000679493,0.245000004768372,0.257999986410141,0.245000004768372,NVIDIA GeForce RTX 5090,0.0,discrete_gpu,NVIDIA,0.0,0.0130000114440918,0.0,0.148000001907349,REFERENCE_MARSCHNER,51a3388a126ea8d9d02b357f60da313e-driver-2559295488,3686400,5,2560x1440,1
1.4.341,cards,0.0780000016093254,3,0.238999992609024,0.238000005483627,0.257999986410141,0.238000005483627,NVIDIA GeForce RTX 5090,0.0,discrete_gpu,NVIDIA,0.0,0.00400000810623169,0.0,0.133000008761883,ALU_PROBE_96,51a3388a126ea8d9d02b357f60da313e-driver-2559295488,3686400,5,2560x1440,4
1.4.341,cards,0.0780000016093254,3,0.243000000715256,0.241999998688698,0.266000002622604,0.24099999666214,NVIDIA GeForce RTX 5090,0.0,discrete_gpu,NVIDIA,0.0,0.00800000131130219,0.0,0.137000001966953,APPROX_KAJIYA_KAY,51a3388a126ea8d9d02b357f60da313e-driver-2559295488,3686400,5,2560x1440,4
1.4.341,cards,0.0780000016093254,3,0.234999999403954,0.233999997377396,0.256999999284744,0.233999997377396,NVIDIA GeForce RTX 5090,0.0,discrete_gpu,NVIDIA,,,0.0,0.129000000655651,CARD_CONTROL,51a3388a126ea8d9d02b357f60da313e-driver-2559295488,3686400,5,2560x1440,4
1.4.341,cards,0.0810000002384186,3,0.301999986171722,0.300999999046326,0.509999990463257,0.300000011920929,NVIDIA GeForce RTX 5090,0.0009999871253960069,discrete_gpu,NVIDIA,1.4901161193847656e-08,0.0669999867677689,0.000999987125397006,0.196000002324581,CINEMATIC_MARSCHNER,51a3388a126ea8d9d02b357f60da313e-driver-2559295488,3686400,5,2560x1440,4
1.4.341,cards,0.0790000036358833,3,0.256000012159348,0.254999995231628,0.280000001192093,0.254999995231628,NVIDIA GeForce RTX 5090,0.0,discrete_gpu,NVIDIA,0.0,0.0209999978542328,0.0,0.149999998509884,FAST_MARSCHNER,51a3388a126ea8d9d02b357f60da313e-driver-2559295488,3686400,5,2560x1440,4
1.4.341,cards,0.0790000036358833,3,0.28999999165535,0.289000004529953,0.314999997615814,0.28600001335144,NVIDIA GeForce RTX 5090,0.000999987125397006,discrete_gpu,NVIDIA,0.0010000020265579987,0.0540000051259995,0.000999987125397006,0.184000007808208,LUT_PROBE_16,51a3388a126ea8d9d02b357f60da313e-driver-2559295488,3686400,5,2560x1440,4
1.4.341,cards,0.0769999995827675,3,0.104999996721745,0.104999996721745,0.123999997973442,0.104999996721745,NVIDIA GeForce RTX 5090,0.0,discrete_gpu,NVIDIA,,,,,NO_HAIR,51a3388a126ea8d9d02b357f60da313e-driver-2559295488,3686400,5,2560x1440,4
1.4.341,cards,0.0820000022649765,3,0.263999998569489,0.263999998569489,0.28600001335144,0.263000011444092,NVIDIA GeForce RTX 5090,0.0,discrete_gpu,NVIDIA,0.0,0.0300000011920929,0.0,0.159000001847744,REFERENCE_MARSCHNER,51a3388a126ea8d9d02b357f60da313e-driver-2559295488,3686400,5,2560x1440,4
1.4.341,cards,0.0790000036358833,7,0.24099999666214,0.24099999666214,0.261999994516373,0.239999994635582,NVIDIA GeForce RTX 5090,0.0,discrete_gpu,NVIDIA,0.0,0.0039999932050705,0.0,0.125,ALU_PROBE_96,51a3388a126ea8d9d02b357f60da313e-driver-2559295488,3686400,5,2560x1440,8
1.4.341,cards,0.0790000036358833,7,0.26800000667572,0.26800000667572,0.289000004529953,0.26800000667572,NVIDIA GeForce RTX 5090,0.0,discrete_gpu,NVIDIA,0.0,0.0310000032186508,0.0,0.15200001001358,APPROX_KAJIYA_KAY,51a3388a126ea8d9d02b357f60da313e-driver-2559295488,3686400,5,2560x1440,8
1.4.341,cards,0.0820000022649765,7,0.237000003457069,0.237000003457069,0.256999999284744,0.237000003457069,NVIDIA GeForce RTX 5090,0.0,discrete_gpu,NVIDIA,,,0.0,0.12100000679493,CARD_CONTROL,51a3388a126ea8d9d02b357f60da313e-driver-2559295488,3686400,5,2560x1440,8
1.4.341,cards,0.0810000002384186,7,0.39300000667572,0.391999989748001,0.416000008583069,0.391000002622604,NVIDIA GeForce RTX 5090,0.000999987125397006,discrete_gpu,NVIDIA,0.000999987125397006,0.154999986290932,0.000999987125397006,0.275999993085861,CINEMATIC_MARSCHNER,51a3388a126ea8d9d02b357f60da313e-driver-2559295488,3686400,5,2560x1440,8
1.4.341,cards,0.0820000022649765,7,0.291999995708466,0.291999995708466,0.312000006437302,0.291999995708466,NVIDIA GeForce RTX 5090,0.0,discrete_gpu,NVIDIA,0.0,0.0549999922513962,0.0,0.175999999046326,FAST_MARSCHNER,51a3388a126ea8d9d02b357f60da313e-driver-2559295488,3686400,5,2560x1440,8
1.4.341,cards,0.0810000002384186,7,0.293999999761581,0.291999995708466,0.312999993562698,0.291000008583069,NVIDIA GeForce RTX 5090,0.000999987125397006,discrete_gpu,NVIDIA,0.0009999871253967008,0.0549999922513962,0.0009999871253969783,0.175999999046326,LUT_PROBE_16,51a3388a126ea8d9d02b357f60da313e-driver-2559295488,3686400,5,2560x1440,8
1.4.341,cards,0.0780000016093254,7,0.11599999666214,0.11599999666214,0.131999999284744,0.11599999666214,NVIDIA GeForce RTX 5090,0.0,discrete_gpu,NVIDIA,,,,,NO_HAIR,51a3388a126ea8d9d02b357f60da313e-driver-2559295488,3686400,5,2560x1440,8
1.4.341,cards,0.0829999968409538,7,0.310999989509583,0.310999989509583,0.523999989032745,0.310000002384186,NVIDIA GeForce RTX 5090,0.0,discrete_gpu,NVIDIA,0.0,0.0739999860525131,0.0,0.194999992847443,REFERENCE_MARSCHNER,51a3388a126ea8d9d02b357f60da313e-driver-2559295488,3686400,5,2560x1440,8
1.4.341,coverage,0.0790000036358833,0,0.301999986171722,0.300999999046326,0.503000020980835,0.29899999499321,NVIDIA GeForce RTX 5090,0.0,discrete_gpu,NVIDIA,0.0,0.0399999916553497,0.0,0.203999996185303,ALU_PROBE_96,51a3388a126ea8d9d02b357f60da313e-driver-2559295488,3686400,5,2560x1440,1
1.4.341,coverage,0.0810000002384186,0,0.291000008583069,0.289000004529953,0.310999989509583,0.287000000476837,NVIDIA GeForce RTX 5090,0.000999987125397006,discrete_gpu,NVIDIA,0.0009999871253967008,0.0279999971389771,0.000999987125397006,0.19200000166893,APPROX_KAJIYA_KAY,51a3388a126ea8d9d02b357f60da313e-driver-2559295488,3686400,5,2560x1440,1
1.4.341,coverage,0.0820000022649765,0,0.261999994516373,0.261000007390976,0.280000001192093,0.25900000333786,NVIDIA GeForce RTX 5090,0.0,discrete_gpu,NVIDIA,,,0.0,0.164000004529953,CARD_CONTROL,51a3388a126ea8d9d02b357f60da313e-driver-2559295488,3686400,5,2560x1440,1
1.4.341,coverage,0.0790000036358833,0,0.335999995470047,0.333000004291534,0.546999990940094,0.331000000238419,NVIDIA GeForce RTX 5090,0.0020000040531149565,discrete_gpu,NVIDIA,0.0,0.0719999969005585,0.002000004053115012,0.236000001430511,CINEMATIC_MARSCHNER,51a3388a126ea8d9d02b357f60da313e-driver-2559295488,3686400,5,2560x1440,1
1.4.341,coverage,0.0810000002384186,0,0.312999993562698,0.312000006437302,0.535000026226044,0.308999985456467,NVIDIA GeForce RTX 5090,0.0009999871253959514,discrete_gpu,NVIDIA,0.0009999871253967008,0.0509999990463257,0.0009999871253960069,0.215000003576279,FAST_MARSCHNER,51a3388a126ea8d9d02b357f60da313e-driver-2559295488,3686400,5,2560x1440,1
1.4.341,coverage,0.0820000022649765,0,0.441000014543533,0.439999997615814,0.671999990940094,0.433999985456467,NVIDIA GeForce RTX 5090,0.0010000169277190052,discrete_gpu,NVIDIA,0.0009999871253969783,0.180000007152557,0.0010000169277190052,0.342999994754791,LUT_PROBE_16,51a3388a126ea8d9d02b357f60da313e-driver-2559295488,3686400,5,2560x1440,1
1.4.341,coverage,0.0780000016093254,0,0.0970000028610229,0.0970000028610229,0.114000000059605,0.0970000028610229,NVIDIA GeForce RTX 5090,0.0,discrete_gpu,NVIDIA,,,,,NO_HAIR,51a3388a126ea8d9d02b357f60da313e-driver-2559295488,3686400,5,2560x1440,1
1.4.341,coverage,0.0769999995827675,0,0.361000001430511,0.360000014305115,0.38400000333786,0.360000014305115,NVIDIA GeForce RTX 5090,0.0,discrete_gpu,NVIDIA,0.0,0.0990000069141388,0.0,0.263000011444092,REFERENCE_MARSCHNER,51a3388a126ea8d9d02b357f60da313e-driver-2559295488,3686400,5,2560x1440,1
1.4.341,coverage,0.0769999995827675,3,0.30799999833107,0.307000011205673,0.32600000500679,0.305999994277954,NVIDIA GeForce RTX 5090,0.000999987125397006,discrete_gpu,NVIDIA,0.0,0.0399999916553497,1.4901162026514925e-08,0.201999999582767,ALU_PROBE_96,51a3388a126ea8d9d02b357f60da313e-driver-2559295488,3686400,5,2560x1440,4
1.4.341,coverage,0.0790000036358833,3,0.33500000834465,0.333000004291534,0.35699999332428,0.331999987363815,NVIDIA GeForce RTX 5090,0.000999987125397006,discrete_gpu,NVIDIA,0.0,0.0670000016689301,0.000999987125397006,0.22800000756979,APPROX_KAJIYA_KAY,51a3388a126ea8d9d02b357f60da313e-driver-2559295488,3686400,5,2560x1440,4
1.4.341,coverage,0.0780000016093254,3,0.26800000667572,0.266999989748001,0.289000004529953,0.266000002622604,NVIDIA GeForce RTX 5090,0.000999987125397006,discrete_gpu,NVIDIA,,,1.4901160999558627e-08,0.161999993026257,CARD_CONTROL,51a3388a126ea8d9d02b357f60da313e-driver-2559295488,3686400,5,2560x1440,4
1.4.341,coverage,0.0790000036358833,3,0.46900001168251,0.465999990701675,0.708000004291534,0.465000003576279,NVIDIA GeForce RTX 5090,0.0009999871253960069,discrete_gpu,NVIDIA,0.0,0.199000000953674,0.000999987125397006,0.360999993979931,CINEMATIC_MARSCHNER,51a3388a126ea8d9d02b357f60da313e-driver-2559295488,3686400,5,2560x1440,4
1.4.341,coverage,0.0790000036358833,3,0.365000009536743,0.363999992609024,0.583999991416931,0.360000014305115,NVIDIA GeForce RTX 5090,0.0010000169277190052,discrete_gpu,NVIDIA,0.0,0.0970000028610229,1.4901160971803051e-08,0.25899999588728,FAST_MARSCHNER,51a3388a126ea8d9d02b357f60da313e-driver-2559295488,3686400,5,2560x1440,4
1.4.341,coverage,0.0780000016093254,3,0.446999996900558,0.446999996900558,0.684000015258789,0.435999989509583,NVIDIA GeForce RTX 5090,0.0,discrete_gpu,NVIDIA,0.0009999871253960069,0.179000020027161,0.000999987125397006,0.341000013053417,LUT_PROBE_16,51a3388a126ea8d9d02b357f60da313e-driver-2559295488,3686400,5,2560x1440,4
1.4.341,coverage,0.0750000029802322,3,0.105999998748302,0.104999996721745,0.126000002026558,0.104999996721745,NVIDIA GeForce RTX 5090,0.0,discrete_gpu,NVIDIA,,,,,NO_HAIR,51a3388a126ea8d9d02b357f60da313e-driver-2559295488,3686400,5,2560x1440,4
1.4.341,coverage,0.0799999982118607,3,0.430999994277954,0.430000007152557,0.657999992370605,0.428999990224838,NVIDIA GeForce RTX 5090,0.000999987125397006,discrete_gpu,NVIDIA,2.9802321999117254e-08,0.162999987602234,0.0010000020265579779,0.324999995529652,REFERENCE_MARSCHNER,51a3388a126ea8d9d02b357f60da313e-driver-2559295488,3686400,5,2560x1440,4
1.4.341,coverage,0.0799999982118607,7,0.31700000166893,0.316000014543533,0.331000000238419,0.312999993562698,NVIDIA GeForce RTX 5090,0.000999987125397006,discrete_gpu,NVIDIA,2.98023224015731e-08,0.0399999916553497,0.000999987125397006,0.200000017881393,ALU_PROBE_96,51a3388a126ea8d9d02b357f60da313e-driver-2559295488,3686400,5,2560x1440,8
1.4.341,coverage,0.0799999982118607,7,0.395999997854233,0.395000010728836,0.416000008583069,0.39300000667572,NVIDIA GeForce RTX 5090,0.0,discrete_gpu,NVIDIA,0.0,0.119000017642975,0.0,0.279000014066696,APPROX_KAJIYA_KAY,51a3388a126ea8d9d02b357f60da313e-driver-2559295488,3686400,5,2560x1440,8
1.4.341,coverage,0.0829999968409538,7,0.27700001001358,0.275999993085861,0.291000008583069,0.273999989032745,NVIDIA GeForce RTX 5090,0.0010000169277190052,discrete_gpu,NVIDIA,,,0.0010000169277190052,0.159999996423721,CARD_CONTROL,51a3388a126ea8d9d02b357f60da313e-driver-2559295488,3686400,5,2560x1440,8
1.4.341,coverage,0.0810000002384186,7,0.651000022888184,0.649999976158142,0.889999985694885,0.644999980926514,NVIDIA GeForce RTX 5090,0.001000046730042059,discrete_gpu,NVIDIA,0.0010000169277190052,0.372999995946884,0.001000046730042059,0.533999979496002,CINEMATIC_MARSCHNER,51a3388a126ea8d9d02b357f60da313e-driver-2559295488,3686400,5,2560x1440,8
1.4.341,coverage,0.0799999982118607,7,0.446999996900558,0.444999992847443,0.656000018119812,0.444000005722046,NVIDIA GeForce RTX 5090,0.000999987125397006,discrete_gpu,NVIDIA,2.9802322998317976e-08,0.169999986886978,0.000999987125397006,0.328999996185303,FAST_MARSCHNER,51a3388a126ea8d9d02b357f60da313e-driver-2559295488,3686400,5,2560x1440,8
1.4.341,coverage,0.0799999982118607,7,0.46000000834465,0.458000004291534,0.483999997377396,0.453000009059906,NVIDIA GeForce RTX 5090,0.0020000040531160113,discrete_gpu,NVIDIA,0.000999987125397006,0.182000011205673,0.002000004053115012,0.342000007629395,LUT_PROBE_16,51a3388a126ea8d9d02b357f60da313e-driver-2559295488,3686400,5,2560x1440,8
1.4.341,coverage,0.0780000016093254,7,0.11599999666214,0.11599999666214,0.130999997258186,0.11599999666214,NVIDIA GeForce RTX 5090,0.0,discrete_gpu,NVIDIA,,,,,NO_HAIR,51a3388a126ea8d9d02b357f60da313e-driver-2559295488,3686400,5,2560x1440,8
1.4.341,coverage,0.0790000036358833,7,0.535000026226044,0.529999971389771,0.760999977588654,0.526000022888184,NVIDIA GeForce RTX 5090,0.0020000338554380104,discrete_gpu,NVIDIA,0.001999944448471014,0.253999978303909,0.0020000338554380104,0.413999974727631,REFERENCE_MARSCHNER,51a3388a126ea8d9d02b357f60da313e-driver-2559295488,3686400,5,2560x1440,8
